CITY,SCHOOL_RAW,SCHOOL,CSR
Alhambra,Alhambra High CSR rank: 8,Alhambra High ,8
Alhambra,Century High CSR rank: 3,Century High ,3
Alhambra,Emery Park Elementary CSR rank: 7,Emery Park Elementary ,7
Alhambra,Fremont Elementary CSR rank: 5,Fremont Elementary ,5
Alhambra,Garfield Elementary CSR rank: 8,Garfield Elementary ,8
Alhambra,Granada Elementary CSR rank: 5,Granada Elementary ,5
Alhambra,Alternative Independence High CSR rank: 3,Alternative Independence High ,3
Alhambra,Marguerita Elementary CSR rank: 7,Marguerita Elementary ,7
Alhambra,Mark Keppel High CSR rank: 10,Mark Keppel High ,10
Alhambra,Martha Baldwin Elementary CSR rank: 9,Martha Baldwin Elementary ,9
Alhambra,Park Elementary CSR rank: 8,Park Elementary ,8
Alhambra,Ramona Elementary CSR rank: 8,Ramona Elementary ,8
Alhambra,William Northrup Elementary CSR rank: 7,William Northrup Elementary ,7
Burbank,Bret Harte Elementary CSR rank: 7,Bret Harte Elementary ,7
Burbank,Burbank High CSR rank: 8,Burbank High ,8
Burbank,Burroughs High CSR rank: 9,Burroughs High ,9
Burbank,David Starr Jordan Middle CSR rank: 7,David Starr Jordan Middle ,7
Burbank,George Washington Elementary CSR rank: 8,George Washington Elementary ,8
Burbank,Joaquin Miller Elementary CSR rank: 9,Joaquin Miller Elementary ,9
Burbank,John Muir Middle CSR rank: 8,John Muir Middle ,8
Burbank,Luther Burbank Middle CSR rank: 7,Luther Burbank Middle ,7
Burbank,Continuation Monterey High CSR rank: 2,Continuation Monterey High ,2
Burbank,Options for Youth-Burbank Charter CSR rank: 4,Options for Youth-Burbank Charter ,4
Burbank,Providencia Elementary CSR rank: 7,Providencia Elementary ,7
Burbank,R. L. Stevenson Elementary CSR rank: 9,R. L. Stevenson Elementary ,9
Burbank,Ralph Emerson Elementary CSR rank: 8,Ralph Emerson Elementary ,8
Burbank,Theodore Roosevelt Elementary CSR rank: 9,Theodore Roosevelt Elementary ,9
Burbank,Thomas Edison Elementary CSR rank: 9,Thomas Edison Elementary ,9
Burbank,Thomas Jefferson Elementary CSR rank: 9,Thomas Jefferson Elementary ,9
Burbank,Walt Disney Elementary CSR rank: 7,Walt Disney Elementary ,7
Burbank,William McKinley Elementary CSR rank: 6,William McKinley Elementary ,6
Compton,Anderson Elementary CSR rank: 7,Anderson Elementary ,7
Compton,Bunche Middle CSR rank: 1,Bunche Middle ,1
Compton,Bursch Elementary CSR rank: 4,Bursch Elementary ,4
Compton,Centennial High CSR rank: 2,Centennial High ,2
Compton,Cesar Chavez Continuation High CSR rank: 1,Cesar Chavez Continuation High ,1
Compton,"Clinton, William Jefferson CSR rank: 5","Clinton, William Jefferson ",5
Compton,Compton High CSR rank: 3,Compton High ,3
Compton,Davis Middle CSR rank: 1,Davis Middle ,1
Compton,Dickison Elementary CSR rank: 3,Dickison Elementary ,3
Compton,Dominguez High CSR rank: 3,Dominguez High ,3
Compton,Emerson Elementary CSR rank: 2,Emerson Elementary ,2
Compton,Enterprise Middle CSR rank: 3,Enterprise Middle ,3
Compton,Foster Elementary CSR rank: 3,Foster Elementary ,3
Compton,Jefferson Elementary CSR rank: 8,Jefferson Elementary ,8
Compton,Kelly Elementary CSR rank: 4,Kelly Elementary ,4
Compton,Laurel Street Elementary CSR rank: 6,Laurel Street Elementary ,6
Compton,Longfellow Elementary CSR rank: 3,Longfellow Elementary ,3
Compton,Martin Luther King Elementary CSR rank: 1,Martin Luther King Elementary ,1
Compton,Mayo Elementary CSR rank: 4,Mayo Elementary ,4
Compton,McKinley Elementary CSR rank: 2,McKinley Elementary ,2
Compton,Robert F. Kennedy Elementary CSR rank: 1,Robert F. Kennedy Elementary ,1
Compton,Ronald E. McNair Elementary CSR rank: 2,Ronald E. McNair Elementary ,2
Compton,Roosevelt Elementary CSR rank: 3,Roosevelt Elementary ,3
Compton,Roosevelt Middle CSR rank: 1,Roosevelt Middle ,1
Compton,Rosecrans Elementary CSR rank: 5,Rosecrans Elementary ,5
Compton,Tibby Elementary CSR rank: 7,Tibby Elementary ,7
Compton,Walton Middle CSR rank: 1,Walton Middle ,1
Compton,Washington Elementary CSR rank: 2,Washington Elementary ,2
Compton,Whaley Middle CSR rank: 1,Whaley Middle ,1
Compton,Willowbrook Middle CSR rank: 1,Willowbrook Middle ,1
Compton,Lifeline Education Charter CSR rank: 5,Lifeline Education Charter ,5
Downey,Alameda Elementary CSR rank: 6,Alameda Elementary ,6
Downey,Alternative Opportunity Programs CSR rank: 2,Alternative Opportunity Programs ,2
Downey,Carpenter Elementary CSR rank: 5,Carpenter Elementary ,5
Downey,Columbus Continuation CSR rank: 2,Columbus Continuation ,2
Downey,Doty Middle CSR rank: 6,Doty Middle ,6
Downey,Downey High CSR rank: 8,Downey High ,8
Downey,Gallatin Elementary CSR rank: 8,Gallatin Elementary ,8
Downey,Gauldin Elementary CSR rank: 5,Gauldin Elementary ,5
Downey,Griffiths Middle CSR rank: 7,Griffiths Middle ,7
Downey,Imperial Elementary CSR rank: 7,Imperial Elementary ,7
Downey,Lewis Elementary CSR rank: 8,Lewis Elementary ,8
Downey,Old River Elementary CSR rank: 7,Old River Elementary ,7
Downey,Price Elementary CSR rank: 8,Price Elementary ,8
Downey,Rio Hondo Elementary CSR rank: 6,Rio Hondo Elementary ,6
Downey,Rio San Gabriel Elementary CSR rank: 7,Rio San Gabriel Elementary ,7
Downey,Stauffer Middle CSR rank: 6,Stauffer Middle ,6
Downey,Sussman Middle CSR rank: 5,Sussman Middle ,5
Downey,Unsworth Elementary CSR rank: 8,Unsworth Elementary ,8
Downey,Ward Elementary CSR rank: 6,Ward Elementary ,6
Downey,Warren High CSR rank: 8,Warren High ,8
Downey,Williams Elementary CSR rank: 7,Williams Elementary ,7
El Monte,Cherrylee Elementary CSR rank: 6,Cherrylee Elementary ,6
El Monte,Arroyo High CSR rank: 8,Arroyo High ,8
El Monte,El Monte High CSR rank: 6,El Monte High ,6
El Monte,Fernando R. Ledesma Continuation High CSR rank: 2,Fernando R. Ledesma Continuation High ,2
El Monte,Mountain View High CSR rank: 7,Mountain View High ,7
El Monte,Alfred S. Madrid Middle CSR rank: 3,Alfred S. Madrid Middle ,3
El Monte,Baker Elementary CSR rank: 3,Baker Elementary ,3
El Monte,Charles T. Kranz Intermediate CSR rank: 2,Charles T. Kranz Intermediate ,2
El Monte,Cogswell Elementary CSR rank: 4,Cogswell Elementary ,4
El Monte,Jerry Voorhis Elementary CSR rank: 4,Jerry Voorhis Elementary ,4
El Monte,La Primaria Elementary CSR rank: 7,La Primaria Elementary ,7
El Monte,Maxson Elementary CSR rank: 4,Maxson Elementary ,4
El Monte,Miramonte Elementary CSR rank: 1,Miramonte Elementary ,1
El Monte,Monte Vista Elementary CSR rank: 6,Monte Vista Elementary ,6
El Monte,Parkview Elementary CSR rank: 3,Parkview Elementary ,3
El Monte,Twin Lakes Elementary CSR rank: 4,Twin Lakes Elementary ,4
El Monte,Willard F. Payne Elementary CSR rank: 1,Willard F. Payne Elementary ,1
El Monte,Columbia Elementary CSR rank: 6,Columbia Elementary ,6
El Monte,Cortada Elementary CSR rank: 3,Cortada Elementary ,3
El Monte,Durfee Elementary CSR rank: 7,Durfee Elementary ,7
El Monte,Gidley Elementary CSR rank: 6,Gidley Elementary ,6
El Monte,Legore Elementary CSR rank: 6,Legore Elementary ,6
El Monte,New Lexington Elementary CSR rank: 3,New Lexington Elementary ,3
El Monte,Potrero Elementary CSR rank: 3,Potrero Elementary ,3
El Monte,Rio Vista Elementary CSR rank: 8,Rio Vista Elementary ,8
El Monte,Shirpser Elementary CSR rank: 3,Shirpser Elementary ,3
El Monte,Wilkerson Elementary CSR rank: 6,Wilkerson Elementary ,6
El Monte,Wright Elementary CSR rank: 5,Wright Elementary ,5
Glendale,Balboa Elementary CSR rank: 8,Balboa Elementary ,8
Glendale,Benjamin Franklin Elementary CSR rank: 9,Benjamin Franklin Elementary ,9
Glendale,Cerritos Elementary CSR rank: 6,Cerritos Elementary ,6
Glendale,Columbus Elementary CSR rank: 6,Columbus Elementary ,6
Glendale,Allan F. Daily High (Continuation) CSR rank: 3,Allan F. Daily High (Continuation) ,3
Glendale,Eleanor J. Toll Middle CSR rank: 8,Eleanor J. Toll Middle ,8
Glendale,Glendale High CSR rank: 7,Glendale High ,7
Glendale,Glenoaks Elementary CSR rank: 7,Glenoaks Elementary ,7
Glendale,Herbert Hoover High CSR rank: 8,Herbert Hoover High ,8
Glendale,Horace Mann Elementary CSR rank: 8,Horace Mann Elementary ,8
Glendale,John C. Fremont Elementary CSR rank: 9,John C. Fremont Elementary ,9
Glendale,John Marshall Elementary CSR rank: 6,John Marshall Elementary ,6
Glendale,John Muir Elementary CSR rank: 7,John Muir Elementary ,7
Glendale,Mark Keppel Elementary CSR rank: 9,Mark Keppel Elementary ,9
Glendale,R. D. White Elementary CSR rank: 8,R. D. White Elementary ,8
Glendale,Theodore Roosevelt Middle CSR rank: 5,Theodore Roosevelt Middle ,5
Glendale,Thomas Edison Elementary CSR rank: 7,Thomas Edison Elementary ,7
Glendale,Thomas Jefferson Elementary CSR rank: 7,Thomas Jefferson Elementary ,7
Glendale,Verdugo Woodlands Elementary CSR rank: 9,Verdugo Woodlands Elementary ,9
Glendale,Woodrow Wilson Middle CSR rank: 8,Woodrow Wilson Middle ,8
Inglewood,Albert F. Monroe Magnet Middle School CSR rank: 2,Albert F. Monroe Magnet Middle School ,2
Inglewood,Animo Leadership High CSR rank: 9,Animo Leadership High ,9
Inglewood,Century Academy for Excellence CSR rank: 1,Century Academy for Excellence ,1
Inglewood,Century Community Charter CSR rank: 6,Century Community Charter ,6
Inglewood,Environmental Charter Middle - Inglewood CSR rank: 6,Environmental Charter Middle - Inglewood ,6
Inglewood,Century Park Elementary CSR rank: 1,Century Park Elementary ,1
Inglewood,Animo Inglewood Charter High CSR rank: 9,Animo Inglewood Charter High ,9
Inglewood,Bennett/Kew Elementary CSR rank: 3,Bennett/Kew Elementary ,3
Inglewood,Beulah Payne Elementary CSR rank: 1,Beulah Payne Elementary ,1
Inglewood,Centinela Elementary CSR rank: 2,Centinela Elementary ,2
Inglewood,Children of Promise Preparatory Academy CSR rank: 1,Children of Promise Preparatory Academy ,1
Inglewood,City Honors College Preparatory Academy CSR rank: 6,City Honors College Preparatory Academy ,6
Inglewood,Claude Hudnall Elementary CSR rank: 4,Claude Hudnall Elementary ,4
Inglewood,Clyde Woodworth Elementary CSR rank: 1,Clyde Woodworth Elementary ,1
Inglewood,Frank D. Parent School CSR rank: 2,Frank D. Parent School ,2
Inglewood,George W. Crozier Middle CSR rank: 1,George W. Crozier Middle ,1
Inglewood,Grace Hopper STEM Academy CSR rank: 2,Grace Hopper STEM Academy ,2
Inglewood,Highland Elementary CSR rank: 5,Highland Elementary ,5
Inglewood,ICEF Inglewood Elementary CSR rank: 4,ICEF Inglewood Elementary ,4
Inglewood,ICEF Inglewood Middle Charter Academy CSR rank: 1,ICEF Inglewood Middle Charter Academy ,1
Inglewood,Inglewood Continuation High CSR rank: 1,Inglewood Continuation High ,1
Inglewood,Inglewood High CSR rank: 2,Inglewood High ,2
Inglewood,La Tijera K-8 Charter School Academy of Excellence CSR rank: 5,La Tijera K-8 Charter School Academy of Excellence ,5
Inglewood,Morningside High School CSR rank: 3,Morningside High School ,3
Inglewood,Oak Street Elementary CSR rank: 2,Oak Street Elementary ,2
Inglewood,Today's Fresh Start Charter School Inglewood CSR rank: 4,Today's Fresh Start Charter School Inglewood ,4
Inglewood,Warren Lane Elementary CSR rank: 1,Warren Lane Elementary ,1
Inglewood,Wilder's Preparatory Academy Charter CSR rank: 9,Wilder's Preparatory Academy Charter ,9
Inglewood,Wilder's Preparatory Academy Charter Middle CSR rank: 9,Wilder's Preparatory Academy Charter Middle ,9
Inglewood,William H. Kelso Elementary CSR rank: 2,William H. Kelso Elementary ,2
Inglewood,Worthington Elementary CSR rank: 1,Worthington Elementary ,1
Lancaster,Amargosa Creek Middle CSR rank: 5,Amargosa Creek Middle ,5
Lancaster,Antelope Valley High CSR rank: 4,Antelope Valley High ,4
Lancaster,Desert Sands Charter CSR rank: 2,Desert Sands Charter ,2
Lancaster,Desert Winds Continuation High CSR rank: 2,Desert Winds Continuation High ,2
Lancaster,Eastside High CSR rank: 4,Eastside High ,4
Lancaster,Lancaster High CSR rank: 5,Lancaster High ,5
Lancaster,Students On Academic Rise SOAR High CSR rank: 10,Students On Academic Rise SOAR High ,10
Lancaster,Columbia Elementary CSR rank: 1,Columbia Elementary ,1
Lancaster,Eastside Elementary CSR rank: 2,Eastside Elementary ,2
Lancaster,Enterprise Elementary CSR rank: 1,Enterprise Elementary ,1
Lancaster,Gifford C. Cole Middle CSR rank: 2,Gifford C. Cole Middle ,2
Lancaster,Tierra Bonita Elementary CSR rank: 3,Tierra Bonita Elementary ,3
Lancaster,Del Sur Senior Elementary CSR rank: 5,Del Sur Senior Elementary ,5
Lancaster,Joe Walker Middle CSR rank: 7,Joe Walker Middle ,7
Lancaster,Sundown Elementary CSR rank: 4,Sundown Elementary ,4
Lancaster,Valley View Elementary CSR rank: 4,Valley View Elementary ,4
Lancaster,Challenger Middle CSR rank: 4,Challenger Middle ,4
Lancaster,Desert View Elementary CSR rank: 1,Desert View Elementary ,1
Lancaster,Discovery CSR rank: 6,Discovery ,6
Lancaster,El Dorado Elementary CSR rank: 1,El Dorado Elementary ,1
Lancaster,Endeavour Middle CSR rank: 3,Endeavour Middle ,3
Lancaster,iLEAD Lancaster Charter CSR rank: 1,iLEAD Lancaster Charter ,1
Lancaster,Jack Northrop Elementary CSR rank: 5,Jack Northrop Elementary ,5
Lancaster,John and Jacquelyn Miller Elementary CSR rank: 6,John and Jacquelyn Miller Elementary ,6
Lancaster,Joshua Elementary CSR rank: 1,Joshua Elementary ,1
Lancaster,Lancaster Alternative and Virtual Academies CSR rank: 1,Lancaster Alternative and Virtual Academies ,1
Lancaster,Life Source International Charter CSR rank: 1,Life Source International Charter ,1
Lancaster,Lincoln Elementary CSR rank: 3,Lincoln Elementary ,3
Lancaster,Linda Verde Elementary CSR rank: 1,Linda Verde Elementary ,1
Lancaster,Mariposa Elementary CSR rank: 1,Mariposa Elementary ,1
Lancaster,Monte Vista Elementary CSR rank: 3,Monte Vista Elementary ,3
Lancaster,Nancy Cory Elementary CSR rank: 4,Nancy Cory Elementary ,4
Lancaster,New Vista Middle CSR rank: 1,New Vista Middle ,1
Lancaster,Piute Middle CSR rank: 1,Piute Middle ,1
Lancaster,Sierra Elementary CSR rank: 1,Sierra Elementary ,1
Lancaster,Sunnydale Elementary CSR rank: 2,Sunnydale Elementary ,2
Lancaster,West Wind Elementary CSR rank: 5,West Wind Elementary ,5
Long Beach,Addams Elementary CSR rank: 3,Addams Elementary ,3
Long Beach,Rancho Dominguez Preparatory CSR rank: 5,Rancho Dominguez Preparatory ,5
Long Beach,Captain Raymond Collins CSR rank: 3,Captain Raymond Collins ,3
Long Beach,Bancroft Middle CSR rank: 7,Bancroft Middle ,7
Long Beach,Barton Elementary CSR rank: 2,Barton Elementary ,2
Long Beach,Beach High-Intensive Learning Program CSR rank: 1,Beach High-Intensive Learning Program ,1
Long Beach,Birney Elementary CSR rank: 4,Birney Elementary ,4
Long Beach,Bixby Elementary CSR rank: 8,Bixby Elementary ,8
Long Beach,Bobbie Smith Elementary CSR rank: 4,Bobbie Smith Elementary ,4
Long Beach,Bryant Elementary CSR rank: 4,Bryant Elementary ,4
Long Beach,Burbank Elementary CSR rank: 4,Burbank Elementary ,4
Long Beach,Burcham Elementary CSR rank: 5,Burcham Elementary ,5
Long Beach,Cabrillo High CSR rank: 5,Cabrillo High ,5
Long Beach,Carver Elementary CSR rank: 9,Carver Elementary ,9
Long Beach,Chavez Elementary CSR rank: 5,Chavez Elementary ,5
Long Beach,Cubberley K-8 CSR rank: 7,Cubberley K-8 ,7
Long Beach,Dooley Elementary CSR rank: 4,Dooley Elementary ,4
Long Beach,Edison Elementary CSR rank: 1,Edison Elementary ,1
Long Beach,Educational Partnership High CSR rank: 3,Educational Partnership High ,3
Long Beach,Emerson Parkside Academy CSR rank: 8,Emerson Parkside Academy ,8
Long Beach,"Ernest S. McBride, Sr. High CSR rank: 8","Ernest S. McBride, Sr. High ",8
Long Beach,Franklin Classical Middle CSR rank: 4,Franklin Classical Middle ,4
Long Beach,Fremont Elementary CSR rank: 9,Fremont Elementary ,9
Long Beach,Gant Elementary CSR rank: 10,Gant Elementary ,10
Long Beach,Garfield Elementary CSR rank: 6,Garfield Elementary ,6
Long Beach,Grant Elementary CSR rank: 4,Grant Elementary ,4
Long Beach,Hamilton Middle CSR rank: 3,Hamilton Middle ,3
Long Beach,Harte Elementary CSR rank: 5,Harte Elementary ,5
Long Beach,Helen Keller Middle CSR rank: 9,Helen Keller Middle ,9
Long Beach,Henry CSR rank: 9,Henry ,9
Long Beach,Hudson K-8 CSR rank: 5,Hudson K-8 ,5
Long Beach,Hughes Middle CSR rank: 7,Hughes Middle ,7
Long Beach,Intellectual Virtues Academy of Long Beach CSR rank: 9,Intellectual Virtues Academy of Long Beach ,9
Long Beach,Jefferson Leadership Academies CSR rank: 3,Jefferson Leadership Academies ,3
Long Beach,Jenny Oropeza Elementary CSR rank: 4,Jenny Oropeza Elementary ,4
Long Beach,Jordan High CSR rank: 4,Jordan High ,4
Long Beach,Kettering Elementary CSR rank: 9,Kettering Elementary ,9
Long Beach,King Elementary CSR rank: 5,King Elementary ,5
Long Beach,Lafayette Elementary CSR rank: 5,Lafayette Elementary ,5
Long Beach,Lincoln Elementary CSR rank: 3,Lincoln Elementary ,3
Long Beach,Lindbergh STEM Academy CSR rank: 4,Lindbergh STEM Academy ,4
Long Beach,Lindsey Academy CSR rank: 3,Lindsey Academy ,3
Long Beach,Longfellow Elementary CSR rank: 7,Longfellow Elementary ,7
Long Beach,Los Cerritos Elementary CSR rank: 8,Los Cerritos Elementary ,8
Long Beach,Lowell Elementary CSR rank: 10,Lowell Elementary ,10
Long Beach,Mann Elementary CSR rank: 3,Mann Elementary ,3
Long Beach,Marshall Academy of the Arts CSR rank: 7,Marshall Academy of the Arts ,7
Long Beach,McKinley Elementary CSR rank: 3,McKinley Elementary ,3
Long Beach,Millikan High CSR rank: 7,Millikan High ,7
Long Beach,Muir K-8 CSR rank: 7,Muir K-8 ,7
Long Beach,Naples Elementary CSR rank: 10,Naples Elementary ,10
Long Beach,Newcomb Academy CSR rank: 9,Newcomb Academy ,9
Long Beach,Olivia Nieto Herrera Elementary CSR rank: 5,Olivia Nieto Herrera Elementary ,5
Long Beach,Polytechnic High CSR rank: 7,Polytechnic High ,7
Long Beach,Powell Academy for Success CSR rank: 6,Powell Academy for Success ,6
Long Beach,Prisk Elementary CSR rank: 9,Prisk Elementary ,9
Long Beach,Reid High CSR rank: 2,Reid High ,2
Long Beach,Renaissance High School for the Arts CSR rank: 8,Renaissance High School for the Arts ,8
Long Beach,Robinson Academy CSR rank: 4,Robinson Academy ,4
Long Beach,Rogers Middle CSR rank: 10,Rogers Middle ,10
Long Beach,Roosevelt Elementary CSR rank: 4,Roosevelt Elementary ,4
Long Beach,Stanford Middle CSR rank: 9,Stanford Middle ,9
Long Beach,Stephens Middle CSR rank: 3,Stephens Middle ,3
Long Beach,Stevenson Elementary CSR rank: 5,Stevenson Elementary ,5
Long Beach,Tincher Preparatory CSR rank: 8,Tincher Preparatory ,8
Long Beach,Twain Elementary CSR rank: 6,Twain Elementary ,6
Long Beach,Washington Middle CSR rank: 3,Washington Middle ,3
Long Beach,Webster Elementary CSR rank: 5,Webster Elementary ,5
Long Beach,Whittier Elementary CSR rank: 1,Whittier Elementary ,1
Long Beach,Willard Elementary CSR rank: 3,Willard Elementary ,3
Long Beach,Wilson High CSR rank: 6,Wilson High ,6
Los Angeles,Abraham Lincoln Senior High CSR rank: 7,Abraham Lincoln Senior High ,7
Los Angeles,Academy for Multilingual Arts and Science at Mervyn M. Dymally High CSR rank: 3,Academy for Multilingual Arts and Science at Mervyn M. Dymally High ,3
Los Angeles,Academy of Science and Engineering CSR rank: 3,Academy of Science and Engineering ,3
Los Angeles,Accelerated Charter Elementary CSR rank: 5,Accelerated Charter Elementary ,5
Los Angeles,Alain Leroy Locke College Preparatory Academy CSR rank: 3,Alain Leroy Locke College Preparatory Academy ,3
Los Angeles,Albion Street Elementary CSR rank: 4,Albion Street Elementary ,4
Los Angeles,Aldama Elementary CSR rank: 3,Aldama Elementary ,3
Los Angeles,Alexander Hamilton Senior High CSR rank: 7,Alexander Hamilton Senior High ,7
Los Angeles,Alexandria Avenue Elementary CSR rank: 2,Alexandria Avenue Elementary ,2
Los Angeles,Allesandro Elementary CSR rank: 8,Allesandro Elementary ,8
Los Angeles,Alliance Cindy and Bill Simon Technology Academy High CSR rank: 5,Alliance Cindy and Bill Simon Technology Academy High ,5
Los Angeles,Alliance College-Ready Middle Academy 12 CSR rank: 4,Alliance College-Ready Middle Academy 12 ,4
Los Angeles,Alliance College-Ready Middle Academy 4 CSR rank: 5,Alliance College-Ready Middle Academy 4 ,5
Los Angeles,Alliance College-Ready Middle Academy 5 CSR rank: 3,Alliance College-Ready Middle Academy 5 ,3
Los Angeles,Alliance College-Ready Middle Academy 8 CSR rank: 5,Alliance College-Ready Middle Academy 8 ,5
Los Angeles,Alliance Dr. Olga Mohan High CSR rank: 10,Alliance Dr. Olga Mohan High ,10
Los Angeles,Alliance Gertz-Ressler Richard Merkin 6-12 Complex CSR rank: 8,Alliance Gertz-Ressler Richard Merkin 6-12 Complex ,8
Los Angeles,Alliance Jack H. Skirball Middle CSR rank: 5,Alliance Jack H. Skirball Middle ,5
Los Angeles,Alliance Judy Ivie Burton Technology Academy High CSR rank: 8,Alliance Judy Ivie Burton Technology Academy High ,8
Los Angeles,Alliance Kory Hunter Middle CSR rank: 1,Alliance Kory Hunter Middle ,1
Los Angeles,Alliance Leadership Middle Academy CSR rank: 1,Alliance Leadership Middle Academy ,1
Los Angeles,Alliance Leichtman-Levine Family Foundation Environmental Science High CSR rank: 8,Alliance Leichtman-Levine Family Foundation Environmental Science High ,8
Los Angeles,Alliance Marc & Eva Stern Math and Science CSR rank: 9,Alliance Marc & Eva Stern Math and Science ,9
Los Angeles,Alliance Morgan McKinzie High CSR rank: 8,Alliance Morgan McKinzie High ,8
Los Angeles,Alliance Ouchi-O'Donovan 6-12 Complex CSR rank: 5,Alliance Ouchi-O'Donovan 6-12 Complex ,5
Los Angeles,Alliance Patti And Peter Neuwirth Leadership Academy CSR rank: 6,Alliance Patti And Peter Neuwirth Leadership Academy ,6
Los Angeles,Alliance Piera Barabaglia Shaheen Health Services Academy CSR rank: 6,Alliance Piera Barabaglia Shaheen Health Services Academy ,6
Los Angeles,Alliance Renee and Meyer Luskin Academy High CSR rank: 5,Alliance Renee and Meyer Luskin Academy High ,5
Los Angeles,Alliance Susan and Eric Smidt Technology High CSR rank: 7,Alliance Susan and Eric Smidt Technology High ,7
Los Angeles,Alliance Ted K. Tajima High CSR rank: 9,Alliance Ted K. Tajima High ,9
Los Angeles,Alliance Tennenbaum Family Technology High CSR rank: 6,Alliance Tennenbaum Family Technology High ,6
Los Angeles,Alta Loma Elementary CSR rank: 1,Alta Loma Elementary ,1
Los Angeles,Angeles Mesa Elementary CSR rank: 2,Angeles Mesa Elementary ,2
Los Angeles,Animo College Preparatory Academy CSR rank: 3,Animo College Preparatory Academy ,3
Los Angeles,Animo Ellen Ochoa Charter Middle CSR rank: 1,Animo Ellen Ochoa Charter Middle ,1
Los Angeles,Animo Jackie Robinson High CSR rank: 7,Animo Jackie Robinson High ,7
Los Angeles,Animo James B. Taylor Charter Middle CSR rank: 2,Animo James B. Taylor Charter Middle ,2
Los Angeles,Animo Jefferson Charter Middle CSR rank: 4,Animo Jefferson Charter Middle ,4
Los Angeles,Animo Mae Jemison Charter Middle CSR rank: 2,Animo Mae Jemison Charter Middle ,2
Los Angeles,Animo Pat Brown CSR rank: 9,Animo Pat Brown ,9
Los Angeles,Animo Phillis Wheatley Charter Middle CSR rank: 1,Animo Phillis Wheatley Charter Middle ,1
Los Angeles,Animo Ralph Bunche Charter High CSR rank: 7,Animo Ralph Bunche Charter High ,7
Los Angeles,Animo South Los Angeles Charter CSR rank: 5,Animo South Los Angeles Charter ,5
Los Angeles,Animo Watts College Preparatory Academy CSR rank: 5,Animo Watts College Preparatory Academy ,5
Los Angeles,Animo Western Charter Middle CSR rank: 2,Animo Western Charter Middle ,2
Los Angeles,Animo Westside Charter Middle CSR rank: 5,Animo Westside Charter Middle ,5
Los Angeles,Ann Street Elementary CSR rank: 2,Ann Street Elementary ,2
Los Angeles,Annandale Elementary CSR rank: 1,Annandale Elementary ,1
Los Angeles,APEX Academy CSR rank: 2,APEX Academy ,2
Los Angeles,Apple Academy Charter Public CSR rank: 1,Apple Academy Charter Public ,1
Los Angeles,Aragon Avenue Elementary CSR rank: 1,Aragon Avenue Elementary ,1
Los Angeles,Arlington Heights Elementary CSR rank: 2,Arlington Heights Elementary ,2
Los Angeles,Arroyo Seco Museum Science CSR rank: 7,Arroyo Seco Museum Science ,7
Los Angeles,Arts In Action Community Charter CSR rank: 4,Arts In Action Community Charter ,4
Los Angeles,Ascot Avenue Elementary CSR rank: 3,Ascot Avenue Elementary ,3
Los Angeles,Aspire Inskeep Academy Charter CSR rank: 3,Aspire Inskeep Academy Charter ,3
Los Angeles,Aspire Juanita Tate Academy Charter CSR rank: 4,Aspire Juanita Tate Academy Charter ,4
Los Angeles,Aspire Slauson Academy Charter CSR rank: 2,Aspire Slauson Academy Charter ,2
Los Angeles,Atwater Avenue Elementary CSR rank: 3,Atwater Avenue Elementary ,3
Los Angeles,Audubon Middle CSR rank: 1,Audubon Middle ,1
Los Angeles,Augustus F. Hawkins High A Critical Design and Gaming CSR rank: 4,Augustus F. Hawkins High A Critical Design and Gaming ,4
Los Angeles,Augustus F. Hawkins High B Community Health Advocates CSR rank: 4,Augustus F. Hawkins High B Community Health Advocates ,4
Los Angeles,Augustus F. Hawkins High C Responsible Indigenous Social Entrepreneurship CSR rank: 3,Augustus F. Hawkins High C Responsible Indigenous Social Entrepreneurship ,3
Los Angeles,Aurora Elementary CSR rank: 4,Aurora Elementary ,4
Los Angeles,Avalon Gardens Elementary CSR rank: 5,Avalon Gardens Elementary ,5
Los Angeles,Baldwin Hills Elementary CSR rank: 6,Baldwin Hills Elementary ,6
Los Angeles,Barack Obama Global Preparation Academy CSR rank: 1,Barack Obama Global Preparation Academy ,1
Los Angeles,Beethoven Street Elementary CSR rank: 7,Beethoven Street Elementary ,7
Los Angeles,Belmont Senior High CSR rank: 5,Belmont Senior High ,5
Los Angeles,Belvedere Elementary CSR rank: 1,Belvedere Elementary ,1
Los Angeles,Belvedere Middle CSR rank: 2,Belvedere Middle ,2
Los Angeles,Benjamin Franklin Senior High CSR rank: 9,Benjamin Franklin Senior High ,9
Los Angeles,Berendo Middle CSR rank: 1,Berendo Middle ,1
Los Angeles,Betty Plasencia Elementary CSR rank: 4,Betty Plasencia Elementary ,4
Los Angeles,Birdielee V. Bright Elementary CSR rank: 3,Birdielee V. Bright Elementary ,3
Los Angeles,Boyle Heights Continuation CSR rank: 2,Boyle Heights Continuation ,2
Los Angeles,Boyle Heights STEM High CSR rank: 6,Boyle Heights STEM High ,6
Los Angeles,Breed Street Elementary CSR rank: 3,Breed Street Elementary ,3
Los Angeles,Brentwood Science CSR rank: 6,Brentwood Science ,6
Los Angeles,Bret Harte Preparatory Middle CSR rank: 1,Bret Harte Preparatory Middle ,1
Los Angeles,Bridge Street Elementary CSR rank: 1,Bridge Street Elementary ,1
Los Angeles,Bright Star Secondary Charter Academy CSR rank: 8,Bright Star Secondary Charter Academy ,8
Los Angeles,Brockton Avenue Elementary CSR rank: 3,Brockton Avenue Elementary ,3
Los Angeles,Brooklyn Avenue Elementary CSR rank: 8,Brooklyn Avenue Elementary ,8
Los Angeles,Buchanan Street Elementary CSR rank: 3,Buchanan Street Elementary ,3
Los Angeles,Budlong Avenue Elementary CSR rank: 2,Budlong Avenue Elementary ,2
Los Angeles,Bushnell Way Elementary CSR rank: 3,Bushnell Way Elementary ,3
Los Angeles,Cahuenga Elementary CSR rank: 8,Cahuenga Elementary ,8
Los Angeles,Camino Nuevo Academy #2 CSR rank: 7,Camino Nuevo Academy #2 ,7
Los Angeles,Camino Nuevo Charter Academy CSR rank: 5,Camino Nuevo Charter Academy ,5
Los Angeles,Camino Nuevo Charter Academy #4 CSR rank: 6,Camino Nuevo Charter Academy #4 ,6
Los Angeles,Camino Nuevo Charter High CSR rank: 4,Camino Nuevo Charter High ,4
Los Angeles,Camino Nuevo Elementary #3 CSR rank: 2,Camino Nuevo Elementary #3 ,2
Los Angeles,Camino Nuevo High #2 CSR rank: 9,Camino Nuevo High #2 ,9
Los Angeles,Canfield Avenue Elementary CSR rank: 9,Canfield Avenue Elementary ,9
Los Angeles,Carson-Gore Academy of Enviornmental Studies CSR rank: 4,Carson-Gore Academy of Enviornmental Studies ,4
Los Angeles,Carthay Elementary CSR rank: 5,Carthay Elementary ,5
Los Angeles,Castelar Street Elementary CSR rank: 8,Castelar Street Elementary ,8
Los Angeles,Castle Heights Elementary CSR rank: 9,Castle Heights Elementary ,9
Los Angeles,Celerity Dyad Charter CSR rank: 8,Celerity Dyad Charter ,8
Los Angeles,Celerity Nascent Charter CSR rank: 6,Celerity Nascent Charter ,6
Los Angeles,Celerity Octavia Charter CSR rank: 8,Celerity Octavia Charter ,8
Los Angeles,Celerity Troika Charter CSR rank: 9,Celerity Troika Charter ,9
Los Angeles,Center for Advanced Learning CSR rank: 6,Center for Advanced Learning ,6
Los Angeles,Central City Value CSR rank: 9,Central City Value ,9
Los Angeles,Central High CSR rank: 2,Central High ,2
Los Angeles,Cesar Chavez Elementary CSR rank: 3,Cesar Chavez Elementary ,3
Los Angeles,Charles Drew Middle CSR rank: 1,Charles Drew Middle ,1
Los Angeles,Charles H. Kim Elementary CSR rank: 7,Charles H. Kim Elementary ,7
Los Angeles,Charles W. Barrett Elementary CSR rank: 2,Charles W. Barrett Elementary ,2
Los Angeles,Charles White Elementary CSR rank: 1,Charles White Elementary ,1
Los Angeles,Charnock Road Elementary CSR rank: 5,Charnock Road Elementary ,5
Los Angeles,Cheremoya Avenue Elementary CSR rank: 7,Cheremoya Avenue Elementary ,7
Los Angeles,Cheviot Hills Continuation CSR rank: 3,Cheviot Hills Continuation ,3
Los Angeles,Christopher Dena Elementary CSR rank: 3,Christopher Dena Elementary ,3
Los Angeles,Cienega Elementary CSR rank: 5,Cienega Elementary ,5
Los Angeles,Citizens of the World 2 CSR rank: 8,Citizens of the World 2 ,8
Los Angeles,Citizens of the World 3 CSR rank: 8,Citizens of the World 3 ,8
Los Angeles,Citizens of the World Charter Hollywood CSR rank: 9,Citizens of the World Charter Hollywood ,9
Los Angeles,City Language Immersion Charter CSR rank: 7,City Language Immersion Charter ,7
Los Angeles,City of Angels CSR rank: 3,City of Angels ,3
Los Angeles,City Terrace Elementary CSR rank: 4,City Terrace Elementary ,4
Los Angeles,Clifford Street Elementary CSR rank: 9,Clifford Street Elementary ,9
Los Angeles,Clover Avenue Elementary CSR rank: 10,Clover Avenue Elementary ,10
Los Angeles,Coliseum Street Elementary CSR rank: 1,Coliseum Street Elementary ,1
Los Angeles,Commonwealth Avenue Elementary CSR rank: 5,Commonwealth Avenue Elementary ,5
Los Angeles,Communication and Technology at Diego Rivera Learning Complex CSR rank: 4,Communication and Technology at Diego Rivera Learning Complex ,4
Los Angeles,Community Magnet Charter Elementary CSR rank: 10,Community Magnet Charter Elementary ,10
Los Angeles,Compton Avenue Elementary CSR rank: 1,Compton Avenue Elementary ,1
Los Angeles,Contreras Learning Center-Academic Leadership Community CSR rank: 7,Contreras Learning Center-Academic Leadership Community ,7
Los Angeles,Contreras Learning Center-Los Angeles School of Global Studies CSR rank: 6,Contreras Learning Center-Los Angeles School of Global Studies ,6
Los Angeles,Contreras Learning Center-School of Social Justice CSR rank: 4,Contreras Learning Center-School of Social Justice ,4
Los Angeles,Cowan Avenue Elementary CSR rank: 6,Cowan Avenue Elementary ,6
Los Angeles,Crenshaw Arts-Technology Charter High CSR rank: 4,Crenshaw Arts-Technology Charter High ,4
Los Angeles,"Crenshaw Science, Technology, Engineering, Math and Medicine Magnet CSR rank: 3","Crenshaw Science, Technology, Engineering, Math and Medicine Magnet ",3
Los Angeles,Crescent Heights Boulevard Elementary CSR rank: 5,Crescent Heights Boulevard Elementary ,5
Los Angeles,Crown Preparatory Academy CSR rank: 4,Crown Preparatory Academy ,4
Los Angeles,Dahlia Heights Elementary CSR rank: 8,Dahlia Heights Elementary ,8
Los Angeles,Daniel Webster Middle CSR rank: 1,Daniel Webster Middle ,1
Los Angeles,David Starr Jordan Senior High CSR rank: 4,David Starr Jordan Senior High ,4
Los Angeles,David Wark Griffith Middle CSR rank: 3,David Wark Griffith Middle ,3
Los Angeles,Dayton Heights Elementary CSR rank: 4,Dayton Heights Elementary ,4
Los Angeles,Delevan Drive Elementary CSR rank: 9,Delevan Drive Elementary ,9
Los Angeles,Dolores Huerta Elementary CSR rank: 3,Dolores Huerta Elementary ,3
Los Angeles,Dorris Place Elementary CSR rank: 6,Dorris Place Elementary ,6
Los Angeles,Downtown Business High CSR rank: 10,Downtown Business High ,10
Los Angeles,Downtown Value CSR rank: 5,Downtown Value ,5
Los Angeles,Dr. Julian Nava Learning Academies-School of Arts and Culture CSR rank: 1,Dr. Julian Nava Learning Academies-School of Arts and Culture ,1
Los Angeles,Dr. Julian Nava Learning Academies-School of Business and Technology CSR rank: 1,Dr. Julian Nava Learning Academies-School of Business and Technology ,1
Los Angeles,"Dr. Lawrence H. Moore Math, Science, Technology Academy CSR rank: 2","Dr. Lawrence H. Moore Math, Science, Technology Academy ",2
Los Angeles,Dr. Maya Angelou Community High CSR rank: 3,Dr. Maya Angelou Community High ,3
Los Angeles,Dr. Owen Lloyd Knox Elementary CSR rank: 1,Dr. Owen Lloyd Knox Elementary ,1
Los Angeles,Dr. Sammy Lee Medical and Health Science Magnet Elementary CSR rank: 6,Dr. Sammy Lee Medical and Health Science Magnet Elementary ,6
Los Angeles,Dr. Theodore T. Alexander Jr. Science Center CSR rank: 3,Dr. Theodore T. Alexander Jr. Science Center ,3
Los Angeles,Eagle Rock Elementary CSR rank: 9,Eagle Rock Elementary ,9
Los Angeles,Eagle Rock High CSR rank: 8,Eagle Rock High ,8
Los Angeles,Early College Academy-LA Trade Tech College CSR rank: 3,Early College Academy-LA Trade Tech College ,3
Los Angeles,East Los Angeles Renaissance Academy at Esteban E. Torres High No. 2 CSR rank: 7,East Los Angeles Renaissance Academy at Esteban E. Torres High No. 2 ,7
Los Angeles,Eastman Avenue Elementary CSR rank: 2,Eastman Avenue Elementary ,2
Los Angeles,ECALS PUC Early College Academy for Leaders and Scholars CSR rank: 8,ECALS PUC Early College Academy for Leaders and Scholars ,8
Los Angeles,Edward R. Roybal Learning Center CSR rank: 4,Edward R. Roybal Learning Center ,4
Los Angeles,Edwin Markham Middle CSR rank: 1,Edwin Markham Middle ,1
Los Angeles,El Sereno Elementary CSR rank: 6,El Sereno Elementary ,6
Los Angeles,El Sereno Middle CSR rank: 3,El Sereno Middle ,3
Los Angeles,Elysian Heights Elementary CSR rank: 5,Elysian Heights Elementary ,5
Los Angeles,Emerson Community Charter CSR rank: 6,Emerson Community Charter ,6
Los Angeles,Endeavor College Preparatory Charter CSR rank: 7,Endeavor College Preparatory Charter ,7
Los Angeles,Engineering and Technology Academy at Esteban E. Torres High No. 3 CSR rank: 5,Engineering and Technology Academy at Esteban E. Torres High No. 3 ,5
Los Angeles,Environmental and Social Policy Magnet CSR rank: 5,Environmental and Social Policy Magnet ,5
Los Angeles,Equitas Academy #2 CSR rank: 6,Equitas Academy #2 ,6
Los Angeles,Equitas Academy Charter CSR rank: 8,Equitas Academy Charter ,8
Los Angeles,Esperanza Elementary CSR rank: 1,Esperanza Elementary ,1
Los Angeles,Esteban Torres East LA Performing Arts Magnet CSR rank: 4,Esteban Torres East LA Performing Arts Magnet ,4
Los Angeles,Estrella Elementary CSR rank: 3,Estrella Elementary ,3
Los Angeles,Euclid Avenue Elementary CSR rank: 2,Euclid Avenue Elementary ,2
Los Angeles,Everest Value CSR rank: 5,Everest Value ,5
Los Angeles,Evergreen Avenue Elementary CSR rank: 2,Evergreen Avenue Elementary ,2
Los Angeles,Extera Public CSR rank: 5,Extera Public ,5
Los Angeles,Extera Public School No. 2 CSR rank: 3,Extera Public School No. 2 ,3
Los Angeles,Fairburn Avenue Elementary CSR rank: 10,Fairburn Avenue Elementary ,10
Los Angeles,Fairfax Senior High CSR rank: 7,Fairfax Senior High ,7
Los Angeles,Farmdale Elementary CSR rank: 1,Farmdale Elementary ,1
Los Angeles,Felicitas and Gonzalo Mendez High CSR rank: 6,Felicitas and Gonzalo Mendez High ,6
Los Angeles,Fifty-Fourth Street Elementary CSR rank: 3,Fifty-Fourth Street Elementary ,3
Los Angeles,Fifty-Ninth Street Elementary CSR rank: 1,Fifty-Ninth Street Elementary ,1
Los Angeles,Fifty-Second Street Elementary CSR rank: 2,Fifty-Second Street Elementary ,2
Los Angeles,Figueroa Street Elementary CSR rank: 1,Figueroa Street Elementary ,1
Los Angeles,First Street Elementary CSR rank: 1,First Street Elementary ,1
Los Angeles,Fletcher Drive Elementary CSR rank: 2,Fletcher Drive Elementary ,2
Los Angeles,Florence Avenue Elementary CSR rank: 5,Florence Avenue Elementary ,5
Los Angeles,Florence Griffith Joyner Elementary CSR rank: 1,Florence Griffith Joyner Elementary ,1
Los Angeles,Florence Nightingale Middle CSR rank: 1,Florence Nightingale Middle ,1
Los Angeles,Ford Boulevard Elementary CSR rank: 3,Ford Boulevard Elementary ,3
Los Angeles,Forty-Ninth Street Elementary CSR rank: 1,Forty-Ninth Street Elementary ,1
Los Angeles,Forty-Second Street Elementary CSR rank: 1,Forty-Second Street Elementary ,1
Los Angeles,Foshay Learning Center CSR rank: 3,Foshay Learning Center ,3
Los Angeles,Fourth Street Elementary CSR rank: 4,Fourth Street Elementary ,4
Los Angeles,Francisco Bravo Medical Magnet High CSR rank: 10,Francisco Bravo Medical Magnet High ,10
Los Angeles,Frank del Olmo Elementary CSR rank: 2,Frank del Olmo Elementary ,2
Los Angeles,Franklin Avenue Elementary CSR rank: 9,Franklin Avenue Elementary ,9
Los Angeles,Frida Kahlo High CSR rank: 3,Frida Kahlo High ,3
Los Angeles,Gabriella Charter CSR rank: 8,Gabriella Charter ,8
Los Angeles,Gardner Street Elementary CSR rank: 7,Gardner Street Elementary ,7
Los Angeles,Garvanza Elementary CSR rank: 5,Garvanza Elementary ,5
Los Angeles,Gates Street Elementary CSR rank: 2,Gates Street Elementary ,2
Los Angeles,George Washington Carver Middle CSR rank: 1,George Washington Carver Middle ,1
Los Angeles,George Washington Preparatory High CSR rank: 3,George Washington Preparatory High ,3
Los Angeles,"Gerald A. Lawson Academy of the Arts, Mathematics and Science CSR rank: 1","Gerald A. Lawson Academy of the Arts, Mathematics and Science ",1
Los Angeles,Gifted Academy of Mathematics and Entrepreneurial Studies CSR rank: 1,Gifted Academy of Mathematics and Entrepreneurial Studies ,1
Los Angeles,Glassell Park Elementary CSR rank: 1,Glassell Park Elementary ,1
Los Angeles,GLAYS Gratts Learning Academy for Young Scholars CSR rank: 3,GLAYS Gratts Learning Academy for Young Scholars ,3
Los Angeles,Glen Alta Elementary CSR rank: 3,Glen Alta Elementary ,3
Los Angeles,Glenfeliz Boulevard Elementary CSR rank: 2,Glenfeliz Boulevard Elementary ,2
Los Angeles,Global Education Academy CSR rank: 7,Global Education Academy ,7
Los Angeles,Global Education Academy 2 CSR rank: 3,Global Education Academy 2 ,3
Los Angeles,Global Education Academy Middle CSR rank: 2,Global Education Academy Middle ,2
Los Angeles,Goethe International Charter CSR rank: 10,Goethe International Charter ,10
Los Angeles,Graham Elementary CSR rank: 2,Graham Elementary ,2
Los Angeles,Grand View Boulevard Elementary CSR rank: 6,Grand View Boulevard Elementary ,6
Los Angeles,Grant Elementary CSR rank: 4,Grant Elementary ,4
Los Angeles,Grape Street Elementary CSR rank: 1,Grape Street Elementary ,1
Los Angeles,Green Design at Diego Rivera Learning Complex CSR rank: 4,Green Design at Diego Rivera Learning Complex ,4
Los Angeles,Griffin Avenue Elementary CSR rank: 3,Griffin Avenue Elementary ,3
Los Angeles,Hancock Park Elementary CSR rank: 9,Hancock Park Elementary ,9
Los Angeles,Harmony Elementary CSR rank: 1,Harmony Elementary ,1
Los Angeles,Opportunity Harold McAlister High CSR rank: 3,Opportunity Harold McAlister High ,3
Los Angeles,Harris Newmark Continuation CSR rank: 4,Harris Newmark Continuation ,4
Los Angeles,Harrison Street Elementary CSR rank: 2,Harrison Street Elementary ,2
Los Angeles,Harvard Elementary CSR rank: 5,Harvard Elementary ,5
Los Angeles,Highland Park Continuation CSR rank: 3,Highland Park Continuation ,3
Los Angeles,"Hilda L. Solis Learning Academy School of Technology, Business and Education CSR rank: 6","Hilda L. Solis Learning Academy School of Technology, Business and Education ",6
Los Angeles,Hillcrest Drive Elementary CSR rank: 1,Hillcrest Drive Elementary ,1
Los Angeles,Hillside Elementary CSR rank: 2,Hillside Elementary ,2
Los Angeles,Hobart Boulevard Elementary CSR rank: 3,Hobart Boulevard Elementary ,3
Los Angeles,Hollenbeck Middle CSR rank: 3,Hollenbeck Middle ,3
Los Angeles,Hollywood Primary Center CSR rank: 1,Hollywood Primary Center ,1
Los Angeles,Hollywood Senior High CSR rank: 8,Hollywood Senior High ,8
Los Angeles,Holmes Avenue Elementary CSR rank: 1,Holmes Avenue Elementary ,1
Los Angeles,Hooper Avenue Elementary CSR rank: 1,Hooper Avenue Elementary ,1
Los Angeles,Hoover Street Elementary CSR rank: 7,Hoover Street Elementary ,7
Los Angeles,Horace Mann Junior High CSR rank: 1,Horace Mann Junior High ,1
Los Angeles,Hubert Howe Bancroft Middle CSR rank: 3,Hubert Howe Bancroft Middle ,3
Los Angeles,Humanitas Academy of Art and Technology at Esteban E. Torres High No. 4 CSR rank: 4,Humanitas Academy of Art and Technology at Esteban E. Torres High No. 4 ,4
Los Angeles,Humphreys Avenue Elementary CSR rank: 3,Humphreys Avenue Elementary ,3
Los Angeles,Huntington Drive Elementary CSR rank: 2,Huntington Drive Elementary ,2
Los Angeles,ICEF Innovation Los Angeles Charter CSR rank: 4,ICEF Innovation Los Angeles Charter ,4
Los Angeles,ICEF Vista Elementary CSR rank: 6,ICEF Vista Elementary ,6
Los Angeles,ICEF Vista Middle Academy CSR rank: 6,ICEF Vista Middle Academy ,6
Los Angeles,Ivanhoe Elementary CSR rank: 10,Ivanhoe Elementary ,10
Los Angeles,James A. Garfield Senior High CSR rank: 8,James A. Garfield Senior High ,8
Los Angeles,John Adams Middle CSR rank: 2,John Adams Middle ,2
Los Angeles,John Burroughs Middle CSR rank: 8,John Burroughs Middle ,8
Los Angeles,John C. Fremont Senior High CSR rank: 4,John C. Fremont Senior High ,4
Los Angeles,John H. Liechty Middle CSR rank: 1,John H. Liechty Middle ,1
Los Angeles,John Hope Continuation CSR rank: 3,John Hope Continuation ,3
Los Angeles,John Marshall Senior High CSR rank: 8,John Marshall Senior High ,8
Los Angeles,John Muir Middle CSR rank: 1,John Muir Middle ,1
Los Angeles,John W. Mack Elementary CSR rank: 1,John W. Mack Elementary ,1
Los Angeles,"Johnnie Cochran, Jr., Middle CSR rank: 1","Johnnie Cochran, Jr., Middle ",1
Los Angeles,Judith F. Baca Arts Academy CSR rank: 1,Judith F. Baca Arts Academy ,1
Los Angeles,Kenter Canyon Elementary CSR rank: 10,Kenter Canyon Elementary ,10
Los Angeles,Kentwood Elementary CSR rank: 8,Kentwood Elementary ,8
Los Angeles,King/Drew Medical Magnet High CSR rank: 9,King/Drew Medical Magnet High ,9
Los Angeles,Kingsley Elementary CSR rank: 5,Kingsley Elementary ,5
Los Angeles,KIPP Academy of Innovation CSR rank: 9,KIPP Academy of Innovation ,9
Los Angeles,KIPP Academy of Opportunity CSR rank: 5,KIPP Academy of Opportunity ,5
Los Angeles,KIPP Empower Academy CSR rank: 8,KIPP Empower Academy ,8
Los Angeles,KIPP Iluminar Academy CSR rank: 10,KIPP Iluminar Academy ,10
Los Angeles,KIPP Los Angeles College Preparatory CSR rank: 9,KIPP Los Angeles College Preparatory ,9
Los Angeles,KIPP Philosophers Academy CSR rank: 4,KIPP Philosophers Academy ,4
Los Angeles,KIPP Raices Academy CSR rank: 10,KIPP Raices Academy ,10
Los Angeles,KIPP Scholar Academy CSR rank: 7,KIPP Scholar Academy ,7
Los Angeles,KIPP Sol Academy CSR rank: 9,KIPP Sol Academy ,9
Los Angeles,La Salle Avenue Elementary CSR rank: 1,La Salle Avenue Elementary ,1
Los Angeles,Larchmont Charter CSR rank: 10,Larchmont Charter ,10
Los Angeles,Latona Avenue Elementary CSR rank: 3,Latona Avenue Elementary ,3
Los Angeles,Laurel Elementary CSR rank: 5,Laurel Elementary ,5
Los Angeles,Lenicia B. Weemes Elementary CSR rank: 1,Lenicia B. Weemes Elementary ,1
Los Angeles,Leo Politi Elementary CSR rank: 1,Leo Politi Elementary ,1
Los Angeles,Libertas College Preparatory Charter CSR rank: 5,Libertas College Preparatory Charter ,5
Los Angeles,Lillian Street Elementary CSR rank: 4,Lillian Street Elementary ,4
Los Angeles,Lockwood Avenue Elementary CSR rank: 4,Lockwood Avenue Elementary ,4
Los Angeles,Logan Street Elementary CSR rank: 2,Logan Street Elementary ,2
Los Angeles,Loren Miller Elementary CSR rank: 1,Loren Miller Elementary ,1
Los Angeles,Lorena Street Elementary CSR rank: 1,Lorena Street Elementary ,1
Los Angeles,Loreto Street Elementary CSR rank: 2,Loreto Street Elementary ,2
Los Angeles,Los Angeles Academy Middle CSR rank: 2,Los Angeles Academy Middle ,2
Los Angeles,Los Angeles Academy of Arts & Enterprise Charter CSR rank: 4,Los Angeles Academy of Arts & Enterprise Charter ,4
Los Angeles,Los Angeles Center for Enriched Studies CSR rank: 10,Los Angeles Center for Enriched Studies ,10
Los Angeles,Los Angeles Elementary CSR rank: 4,Los Angeles Elementary ,4
Los Angeles,Los Angeles Leadership Academy CSR rank: 5,Los Angeles Leadership Academy ,5
Los Angeles,Los Angeles Leadership Primary Academy CSR rank: 3,Los Angeles Leadership Primary Academy ,3
Los Angeles,Los Angeles River at Sonia Sotomayor Learning Academies CSR rank: 4,Los Angeles River at Sonia Sotomayor Learning Academies ,4
Los Angeles,Los Angeles Senior High CSR rank: 4,Los Angeles Senior High ,4
Los Angeles,Los Feliz Charter School for the Arts CSR rank: 6,Los Feliz Charter School for the Arts ,6
Los Angeles,Los Feliz Science/Tech/Engineer/Math/Medicine Magnet CSR rank: 6,Los Feliz Science/Tech/Engineer/Math/Medicine Magnet ,6
Los Angeles,Lou Dantzler Preparatory Charter Elementary CSR rank: 1,Lou Dantzler Preparatory Charter Elementary ,1
Los Angeles,Lovelia P. Flournoy Elementary CSR rank: 1,Lovelia P. Flournoy Elementary ,1
Los Angeles,Loyola Village Fine And Performing Arts Magnet CSR rank: 5,Loyola Village Fine And Performing Arts Magnet ,5
Los Angeles,Luther Burbank Middle CSR rank: 6,Luther Burbank Middle ,6
Los Angeles,MacArthur Park Elementary CSR rank: 3,MacArthur Park Elementary ,3
Los Angeles,Magnolia Avenue Elementary CSR rank: 2,Magnolia Avenue Elementary ,2
Los Angeles,Magnolia Science Academy 4 CSR rank: 5,Magnolia Science Academy 4 ,5
Los Angeles,Magnolia Science Academy 6 CSR rank: 6,Magnolia Science Academy 6 ,6
Los Angeles,Main Street Elementary CSR rank: 1,Main Street Elementary ,1
Los Angeles,Malabar Street Elementary CSR rank: 3,Malabar Street Elementary ,3
Los Angeles,Manchester Avenue Elementary CSR rank: 2,Manchester Avenue Elementary ,2
Los Angeles,Manhattan Place Elementary CSR rank: 2,Manhattan Place Elementary ,2
Los Angeles,Manual Arts Senior High CSR rank: 3,Manual Arts Senior High ,3
Los Angeles,Mar Vista Elementary CSR rank: 9,Mar Vista Elementary ,9
Los Angeles,Marguerite Poindexter LaMotte Elementary CSR rank: 2,Marguerite Poindexter LaMotte Elementary ,2
Los Angeles,Marianna Avenue Elementary CSR rank: 6,Marianna Avenue Elementary ,6
Los Angeles,Marina del Rey Middle CSR rank: 3,Marina del Rey Middle ,3
Los Angeles,Mark Twain Middle CSR rank: 3,Mark Twain Middle ,3
Los Angeles,Martin Luther King Jr. Elementary CSR rank: 1,Martin Luther King Jr. Elementary ,1
Los Angeles,Marvin Elementary CSR rank: 6,Marvin Elementary ,6
Los Angeles,Mary McLeod Bethune Middle CSR rank: 1,Mary McLeod Bethune Middle ,1
Los Angeles,Math and Science College Preparatory CSR rank: 10,Math and Science College Preparatory ,10
Los Angeles,"Math, Science, & Technology Magnet Academy at Roosevelt High CSR rank: 9","Math, Science, & Technology Magnet Academy at Roosevelt High ",9
Los Angeles,Mayberry Street Elementary CSR rank: 1,Mayberry Street Elementary ,1
Los Angeles,McKinley Avenue Elementary CSR rank: 1,McKinley Avenue Elementary ,1
Los Angeles,Melrose Avenue Elementary CSR rank: 9,Melrose Avenue Elementary ,9
Los Angeles,Menlo Avenue Elementary CSR rank: 3,Menlo Avenue Elementary ,3
Los Angeles,Metro Charter CSR rank: 4,Metro Charter ,4
Los Angeles,Metropolitan Continuation CSR rank: 4,Metropolitan Continuation ,4
Los Angeles,Micheltorena Street Elementary CSR rank: 5,Micheltorena Street Elementary ,5
Los Angeles,Mid-City's Prescott School of Enriched Sciences CSR rank: 6,Mid-City's Prescott School of Enriched Sciences ,6
Los Angeles,Middle College High CSR rank: 8,Middle College High ,8
Los Angeles,Miramonte Elementary CSR rank: 1,Miramonte Elementary ,1
Los Angeles,Monsenor Oscar Romero Charter Middle CSR rank: 3,Monsenor Oscar Romero Charter Middle ,3
Los Angeles,Monte Vista Street Elementary CSR rank: 3,Monte Vista Street Elementary ,3
Los Angeles,Monterey Continuation CSR rank: 2,Monterey Continuation ,2
Los Angeles,Morris K. Hamasaki Elementary CSR rank: 2,Morris K. Hamasaki Elementary ,2
Los Angeles,Mt. Washington Elementary CSR rank: 9,Mt. Washington Elementary ,9
Los Angeles,Multnomah Street Elementary CSR rank: 5,Multnomah Street Elementary ,5
Los Angeles,Murchison Street Elementary CSR rank: 1,Murchison Street Elementary ,1
Los Angeles,N.E.W. Academy of Science and Arts CSR rank: 4,N.E.W. Academy of Science and Arts ,4
Los Angeles,Nevin Avenue Elementary CSR rank: 5,Nevin Avenue Elementary ,5
Los Angeles,New Designs Charter CSR rank: 6,New Designs Charter ,6
Los Angeles,New Designs Charter School-Watts CSR rank: 2,New Designs Charter School-Watts ,2
Los Angeles,New Heights Charter CSR rank: 7,New Heights Charter ,7
Los Angeles,New Los Angeles Charter CSR rank: 7,New Los Angeles Charter ,7
Los Angeles,New Village Girls Academy CSR rank: 1,New Village Girls Academy ,1
Los Angeles,Ninety-Fifth Street Elementary CSR rank: 1,Ninety-Fifth Street Elementary ,1
Los Angeles,Ninety-Ninth Street Elementary CSR rank: 4,Ninety-Ninth Street Elementary ,4
Los Angeles,Ninety-Second Street Elementary CSR rank: 3,Ninety-Second Street Elementary ,3
Los Angeles,Ninety-Sixth Street Elementary CSR rank: 3,Ninety-Sixth Street Elementary ,3
Los Angeles,Ninety-Third Street Elementary CSR rank: 1,Ninety-Third Street Elementary ,1
Los Angeles,Ninth Street Elementary CSR rank: 3,Ninth Street Elementary ,3
Los Angeles,Nora Sterry Elementary CSR rank: 6,Nora Sterry Elementary ,6
Los Angeles,Normandie Avenue Elementary CSR rank: 1,Normandie Avenue Elementary ,1
Los Angeles,Norwood Street Elementary CSR rank: 1,Norwood Street Elementary ,1
Los Angeles,Ocean Charter CSR rank: 8,Ocean Charter ,8
Los Angeles,One Hundred Eighteenth Street CSR rank: 3,One Hundred Eighteenth Street ,3
Los Angeles,One Hundred Ninth Street Elementary CSR rank: 1,One Hundred Ninth Street Elementary ,1
Los Angeles,One Hundred Seventh Street Elementary CSR rank: 1,One Hundred Seventh Street Elementary ,1
Los Angeles,One Hundred Sixteenth Street Elementary CSR rank: 3,One Hundred Sixteenth Street Elementary ,3
Los Angeles,One Hundred Twelfth Street Elementary CSR rank: 1,One Hundred Twelfth Street Elementary ,1
Los Angeles,One Hundred Twenty-Second Street Elementary CSR rank: 6,One Hundred Twenty-Second Street Elementary ,6
Los Angeles,Open Charter Magnet CSR rank: 9,Open Charter Magnet ,9
Los Angeles,Orthopaedic Hospital CSR rank: 8,Orthopaedic Hospital ,8
Los Angeles,Orville Wright Engineering and Design Magnet CSR rank: 4,Orville Wright Engineering and Design Magnet ,4
Los Angeles,Oscar De La Hoya Animo Charter High CSR rank: 7,Oscar De La Hoya Animo Charter High ,7
Los Angeles,Overland Avenue Elementary CSR rank: 10,Overland Avenue Elementary ,10
Los Angeles,Palms Elementary CSR rank: 4,Palms Elementary ,4
Los Angeles,Palms Middle CSR rank: 8,Palms Middle ,8
Los Angeles,Para Los Ni?os Charter CSR rank: 3,Para Los Ni?os Charter ,3
Los Angeles,Para Los Ni?os Middle CSR rank: 2,Para Los Ni?os Middle ,2
Los Angeles,Parmelee Avenue Elementary CSR rank: 2,Parmelee Avenue Elementary ,2
Los Angeles,Paul Revere Charter Middle CSR rank: 9,Paul Revere Charter Middle ,9
Los Angeles,Performing Arts Community at Diego Rivera Learning Complex CSR rank: 4,Performing Arts Community at Diego Rivera Learning Complex ,4
Los Angeles,Phoenix Continuation CSR rank: 4,Phoenix Continuation ,4
Los Angeles,Pio Pico Middle CSR rank: 4,Pio Pico Middle ,4
Los Angeles,Public Policy Charter CSR rank: 1,Public Policy Charter ,1
Los Angeles,Public Service Community at Diego Rivera Learning Complex CSR rank: 6,Public Service Community at Diego Rivera Learning Complex ,6
Los Angeles,PUC CALS Middle School and Early College High CSR rank: 9,PUC CALS Middle School and Early College High ,9
Los Angeles,PUC Excel Charter Academy CSR rank: 2,PUC Excel Charter Academy ,2
Los Angeles,PUC Milagro Charter CSR rank: 9,PUC Milagro Charter ,9
Los Angeles,PUC Santa Rosa Charter Academy CSR rank: 5,PUC Santa Rosa Charter Academy ,5
Los Angeles,Pueblo de Los Angeles Continuation CSR rank: 1,Pueblo de Los Angeles Continuation ,1
Los Angeles,Queen Anne Place Elementary CSR rank: 5,Queen Anne Place Elementary ,5
Los Angeles,Quincy Jones Elementary CSR rank: 3,Quincy Jones Elementary ,3
Los Angeles,Ramon C. Cortines School of Visual and Performing Arts CSR rank: 7,Ramon C. Cortines School of Visual and Performing Arts ,7
Los Angeles,Ramona Elementary CSR rank: 2,Ramona Elementary ,2
Los Angeles,Ramona Opportunity High CSR rank: 2,Ramona Opportunity High ,2
Los Angeles,Raymond Avenue Elementary CSR rank: 1,Raymond Avenue Elementary ,1
Los Angeles,Renaissance Arts Academy CSR rank: 10,Renaissance Arts Academy ,10
Los Angeles,Renaissance Arts Academy K-12 CSR rank: 7,Renaissance Arts Academy K-12 ,7
Los Angeles,Resolute Academy Charter CSR rank: 4,Resolute Academy Charter ,4
Los Angeles,RFK Community Schools-Ambassador School-Global Education CSR rank: 4,RFK Community Schools-Ambassador School-Global Education ,4
Los Angeles,RFK Community Schools-Ambassador-Global Leadership CSR rank: 3,RFK Community Schools-Ambassador-Global Leadership ,3
Los Angeles,RFK Community Schools-for the Visual Arts and Humanities CSR rank: 6,RFK Community Schools-for the Visual Arts and Humanities ,6
Los Angeles,RFK Community Schools-Los Angeles High School of the Arts CSR rank: 5,RFK Community Schools-Los Angeles High School of the Arts ,5
Los Angeles,RFK Community Schools-New Open World Academy K-12 CSR rank: 3,RFK Community Schools-New Open World Academy K-12 ,3
Los Angeles,RFK Community Schools-UCLA Community K-12 CSR rank: 6,RFK Community Schools-UCLA Community K-12 ,6
Los Angeles,Ricardo Lizarraga Elementary CSR rank: 2,Ricardo Lizarraga Elementary ,2
Los Angeles,Richland Avenue Elementary CSR rank: 5,Richland Avenue Elementary ,5
Los Angeles,Rise Kohyang Middle CSR rank: 9,Rise Kohyang Middle ,9
Los Angeles,Ritter Elementary CSR rank: 1,Ritter Elementary ,1
Los Angeles,Robert F. Kennedy Elementary CSR rank: 2,Robert F. Kennedy Elementary ,2
Los Angeles,Robert Louis Stevenson Middle CSR rank: 2,Robert Louis Stevenson Middle ,2
Los Angeles,Rockdale Visual & Performing Arts Magnet CSR rank: 6,Rockdale Visual & Performing Arts Magnet ,6
Los Angeles,Roscomare Road Elementary CSR rank: 10,Roscomare Road Elementary ,10
Los Angeles,Rosemont Avenue Elementary CSR rank: 1,Rosemont Avenue Elementary ,1
Los Angeles,Rosewood Avenue Elementary CSR rank: 8,Rosewood Avenue Elementary ,8
Los Angeles,Rowan Avenue Elementary CSR rank: 4,Rowan Avenue Elementary ,4
Los Angeles,Russell Elementary CSR rank: 3,Russell Elementary ,3
Los Angeles,Sal Castro Middle CSR rank: 1,Sal Castro Middle ,1
Los Angeles,Sally Ride Elementary: A SMArT Academy CSR rank: 1,Sally Ride Elementary: A SMArT Academy ,1
Los Angeles,Samuel Gompers Middle CSR rank: 1,Samuel Gompers Middle ,1
Los Angeles,San Pedro Street Elementary CSR rank: 5,San Pedro Street Elementary ,5
Los Angeles,Santa Monica Boulevard Community Charter CSR rank: 4,Santa Monica Boulevard Community Charter ,4
Los Angeles,Santee Education Complex CSR rank: 4,Santee Education Complex ,4
Los Angeles,Saturn Street Elementary CSR rank: 3,Saturn Street Elementary ,3
Los Angeles,School of Business and Tourism at Contreras Learning Complex CSR rank: 8,School of Business and Tourism at Contreras Learning Complex ,8
Los Angeles,School of History and Dramatic Arts at Sonia Sotomayor Learning Academies CSR rank: 7,School of History and Dramatic Arts at Sonia Sotomayor Learning Academies ,7
Los Angeles,Second Street Elementary CSR rank: 2,Second Street Elementary ,2
Los Angeles,Selma Avenue Elementary CSR rank: 2,Selma Avenue Elementary ,2
Los Angeles,Seventy-Fifth Street Elementary CSR rank: 3,Seventy-Fifth Street Elementary ,3
Los Angeles,Seventy-Fourth Street Elementary CSR rank: 2,Seventy-Fourth Street Elementary ,2
Los Angeles,Shenandoah Street Elementary CSR rank: 3,Shenandoah Street Elementary ,3
Los Angeles,Sheridan Street Elementary CSR rank: 1,Sheridan Street Elementary ,1
Los Angeles,Short Avenue Elementary CSR rank: 6,Short Avenue Elementary ,6
Los Angeles,Sierra Park Elementary CSR rank: 4,Sierra Park Elementary ,4
Los Angeles,Sierra Vista Elementary CSR rank: 5,Sierra Vista Elementary ,5
Los Angeles,Sixth Avenue Elementary CSR rank: 1,Sixth Avenue Elementary ,1
Los Angeles,Sixty-Eighth Street Elementary CSR rank: 1,Sixty-Eighth Street Elementary ,1
Los Angeles,Sixty-First Street Elementary CSR rank: 1,Sixty-First Street Elementary ,1
Los Angeles,Sixty-Sixth Street Elementary CSR rank: 3,Sixty-Sixth Street Elementary ,3
Los Angeles,Social Justice Leadership Academy at Esteban E. Torres High No. 5 CSR rank: 6,Social Justice Leadership Academy at Esteban E. Torres High No. 5 ,6
Los Angeles,Solano Avenue Elementary CSR rank: 9,Solano Avenue Elementary ,9
Los Angeles,Soto Street Elementary CSR rank: 3,Soto Street Elementary ,3
Los Angeles,South Park Elementary CSR rank: 1,South Park Elementary ,1
Los Angeles,STEAM San Pascual Elementary CSR rank: 5,STEAM San Pascual Elementary ,5
Los Angeles,Stella Middle Charter Academy CSR rank: 7,Stella Middle Charter Academy ,7
Los Angeles,Studio CSR rank: 5,Studio ,5
Los Angeles,Summit Preparatory Charter CSR rank: 3,Summit Preparatory Charter ,3
Los Angeles,Sunrise Elementary CSR rank: 2,Sunrise Elementary ,2
Los Angeles,Susan Miller Dorsey Senior High CSR rank: 3,Susan Miller Dorsey Senior High ,3
Los Angeles,Synergy Charter Academy CSR rank: 7,Synergy Charter Academy ,7
Los Angeles,Synergy Kinetic Academy CSR rank: 6,Synergy Kinetic Academy ,6
Los Angeles,Synergy Quantum Academy CSR rank: 5,Synergy Quantum Academy ,5
Los Angeles,TEACH Academy of Technologies CSR rank: 2,TEACH Academy of Technologies ,2
Los Angeles,TEACH Tech Charter High CSR rank: 3,TEACH Tech Charter High ,3
Los Angeles,Tenth Street Elementary CSR rank: 4,Tenth Street Elementary ,4
Los Angeles,The Accelerated CSR rank: 4,The Accelerated ,4
Los Angeles,The Incubator CSR rank: 8,The Incubator ,8
Los Angeles,Theodore Roosevelt Senior High CSR rank: 4,Theodore Roosevelt Senior High ,4
Los Angeles,Third Street Elementary CSR rank: 9,Third Street Elementary ,9
Los Angeles,Thirty-Second Street USC Performing Arts CSR rank: 8,Thirty-Second Street USC Performing Arts ,8
Los Angeles,Thomas A. Edison Middle CSR rank: 2,Thomas A. Edison Middle ,2
Los Angeles,Thomas Jefferson Senior High CSR rank: 4,Thomas Jefferson Senior High ,4
Los Angeles,Thomas Riley High CSR rank: 2,Thomas Riley High ,2
Los Angeles,Thomas Starr King Middle School Film and Media Magnet CSR rank: 8,Thomas Starr King Middle School Film and Media Magnet ,8
Los Angeles,Toland Way Elementary CSR rank: 4,Toland Way Elementary ,4
Los Angeles,Tom Bradley Global Awareness Magnet CSR rank: 1,Tom Bradley Global Awareness Magnet ,1
Los Angeles,Trinity Street Elementary CSR rank: 2,Trinity Street Elementary ,2
Los Angeles,Twentieth Street Elementary CSR rank: 1,Twentieth Street Elementary ,1
Los Angeles,Twenty-Eighth Street Elementary CSR rank: 2,Twenty-Eighth Street Elementary ,2
Los Angeles,Twenty-Fourth Street Elementary CSR rank: 2,Twenty-Fourth Street Elementary ,2
Los Angeles,Union Avenue Elementary CSR rank: 4,Union Avenue Elementary ,4
Los Angeles,University Senior High CSR rank: 8,University Senior High ,8
Los Angeles,USC Hybrid High CSR rank: 9,USC Hybrid High ,9
Los Angeles,Utah Street Elementary CSR rank: 3,Utah Street Elementary ,3
Los Angeles,Valley View Elementary CSR rank: 9,Valley View Elementary ,9
Los Angeles,Van Ness Avenue Elementary CSR rank: 7,Van Ness Avenue Elementary ,7
Los Angeles,Venice Senior High CSR rank: 8,Venice Senior High ,8
Los Angeles,Vermont Avenue Elementary CSR rank: 5,Vermont Avenue Elementary ,5
Los Angeles,Vernon City Elementary CSR rank: 4,Vernon City Elementary ,4
Los Angeles,View Park Preparatory Accelerated Charter CSR rank: 2,View Park Preparatory Accelerated Charter ,2
Los Angeles,View Park Preparatory Accelerated Charter Middle CSR rank: 1,View Park Preparatory Accelerated Charter Middle ,1
Los Angeles,View Park Preparatory Accelerated High CSR rank: 4,View Park Preparatory Accelerated High ,4
Los Angeles,Vine Street Elementary CSR rank: 2,Vine Street Elementary ,2
Los Angeles,Virgil Middle CSR rank: 4,Virgil Middle ,4
Los Angeles,Virginia Road Elementary CSR rank: 2,Virginia Road Elementary ,2
Los Angeles,Vista Charter Middle CSR rank: 4,Vista Charter Middle ,4
Los Angeles,Wadsworth Avenue Elementary CSR rank: 1,Wadsworth Avenue Elementary ,1
Los Angeles,Walgrove Avenue Elementary CSR rank: 5,Walgrove Avenue Elementary ,5
Los Angeles,Wallis Annenberg High CSR rank: 7,Wallis Annenberg High ,7
Los Angeles,Warner Avenue Elementary CSR rank: 10,Warner Avenue Elementary ,10
Los Angeles,"Washington Irving Middle School Math, Music and Engineering Magnet CSR rank: 6","Washington Irving Middle School Math, Music and Engineering Magnet ",6
Los Angeles,Watts Learning Center CSR rank: 6,Watts Learning Center ,6
Los Angeles,Watts Learning Center Charter Middle CSR rank: 1,Watts Learning Center Charter Middle ,1
Los Angeles,Weigand Avenue Elementary CSR rank: 1,Weigand Avenue Elementary ,1
Los Angeles,WESM Health/Sports Medicine CSR rank: 6,WESM Health/Sports Medicine ,6
Los Angeles,West Adams Preparatory High CSR rank: 4,West Adams Preparatory High ,4
Los Angeles,West Athens Elementary CSR rank: 1,West Athens Elementary ,1
Los Angeles,West Vernon Avenue Elementary CSR rank: 4,West Vernon Avenue Elementary ,4
Los Angeles,Western Avenue Elementary CSR rank: 1,Western Avenue Elementary ,1
Los Angeles,Westport Heights Elementary CSR rank: 4,Westport Heights Elementary ,4
Los Angeles,Westside Innovative School House CSR rank: 9,Westside Innovative School House ,9
Los Angeles,Westside Innovative School House Charter Middle CSR rank: 8,Westside Innovative School House Charter Middle ,8
Los Angeles,Westwood Charter Elementary CSR rank: 10,Westwood Charter Elementary ,10
Los Angeles,Whitman Continuation CSR rank: 3,Whitman Continuation ,3
Los Angeles,Whitney Young Continuation CSR rank: 1,Whitney Young Continuation ,1
Los Angeles,William Jefferson Clinton Middle CSR rank: 1,William Jefferson Clinton Middle ,1
Los Angeles,William R. Anton Elementary CSR rank: 2,William R. Anton Elementary ,2
Los Angeles,Wilshire Crest Elementary CSR rank: 3,Wilshire Crest Elementary ,3
Los Angeles,Wilshire Park Elementary CSR rank: 6,Wilshire Park Elementary ,6
Los Angeles,Wilton Place Elementary CSR rank: 5,Wilton Place Elementary ,5
Los Angeles,Windsor Hills Math Science CSR rank: 3,Windsor Hills Math Science ,3
Los Angeles,Wisdom Elementary CSR rank: 3,Wisdom Elementary ,3
Los Angeles,Wonderland Avenue Elementary CSR rank: 10,Wonderland Avenue Elementary ,10
Los Angeles,Woodcrest Elementary CSR rank: 1,Woodcrest Elementary ,1
Los Angeles,Woodrow Wilson Senior High CSR rank: 5,Woodrow Wilson Senior High ,5
Los Angeles,YES Academy CSR rank: 1,YES Academy ,1
Los Angeles,Yorkdale Elementary CSR rank: 6,Yorkdale Elementary ,6
Los Angeles,Young Oak Kim Academy CSR rank: 2,Young Oak Kim Academy ,2
Los Angeles,Youth Opportunities Unlimited CSR rank: 1,Youth Opportunities Unlimited ,1
Norwalk,Anna M. Glazier Elementary CSR rank: 3,Anna M. Glazier Elementary ,3
Norwalk,Cresson Elementary CSR rank: 6,Cresson Elementary ,6
Norwalk,Lakeland Elementary CSR rank: 7,Lakeland Elementary ,7
Norwalk,Lakeside Middle CSR rank: 7,Lakeside Middle ,7
Norwalk,Paddison Elementary CSR rank: 7,Paddison Elementary ,7
Norwalk,Studebaker Elementary CSR rank: 7,Studebaker Elementary ,7
Norwalk,William W. Orr Elementary CSR rank: 8,William W. Orr Elementary ,8
Norwalk,Arturo Sanchez Elementary CSR rank: 4,Arturo Sanchez Elementary ,4
Norwalk,Cesar Chavez Elementary CSR rank: 4,Cesar Chavez Elementary ,4
Norwalk,Corvallis Middle CSR rank: 3,Corvallis Middle ,3
Norwalk,D. D. Johnston Elementary CSR rank: 4,D. D. Johnston Elementary ,4
Norwalk,Earl E. Edmondson Elementary CSR rank: 5,Earl E. Edmondson Elementary ,5
Norwalk,John Dolland Elementary CSR rank: 5,John Dolland Elementary ,5
Norwalk,John H. Glenn High CSR rank: 4,John H. Glenn High ,4
Norwalk,John H. Nuffer Elementary CSR rank: 2,John H. Nuffer Elementary ,2
Norwalk,Julia B. Morrison Elementary CSR rank: 7,Julia B. Morrison Elementary ,7
Norwalk,Loretta Lampton Elementary CSR rank: 5,Loretta Lampton Elementary ,5
Norwalk,Los Alisos Middle CSR rank: 5,Los Alisos Middle ,5
Norwalk,Nettie L. Waite Middle CSR rank: 2,Nettie L. Waite Middle ,2
Norwalk,New River Elementary CSR rank: 3,New River Elementary ,3
Norwalk,Norwalk High CSR rank: 5,Norwalk High ,5
Norwalk,Thomas B. Moffitt Elementary CSR rank: 4,Thomas B. Moffitt Elementary ,4
Palmdale,Antelope Valley Learning Academy CSR rank: 3,Antelope Valley Learning Academy ,3
Palmdale,Anaverde Hills CSR rank: 4,Anaverde Hills ,4
Palmdale,Cottonwood Elementary CSR rank: 5,Cottonwood Elementary ,5
Palmdale,Esperanza Elementary CSR rank: 6,Esperanza Elementary ,6
Palmdale,Gregg Anderson Academy CSR rank: 10,Gregg Anderson Academy ,10
Palmdale,Hillview Middle CSR rank: 8,Hillview Middle ,8
Palmdale,Rancho Vista Elementary CSR rank: 6,Rancho Vista Elementary ,6
Palmdale,Vista San Gabriel Elementary CSR rank: 1,Vista San Gabriel Elementary ,1
Palmdale,Highland High CSR rank: 6,Highland High ,6
Palmdale,Palmdale High CSR rank: 4,Palmdale High ,4
Palmdale,Pete William J. Knight High CSR rank: 5,Pete William J. Knight High ,5
Palmdale,R. Rex Parris High CSR rank: 3,R. Rex Parris High ,3
Palmdale,Daisy Gibson Elementary CSR rank: 2,Daisy Gibson Elementary ,2
Palmdale,Lake Los Angeles Elementary CSR rank: 3,Lake Los Angeles Elementary ,3
Palmdale,Barrel Springs Elementary CSR rank: 5,Barrel Springs Elementary ,5
Palmdale,Buena Vista Elementary CSR rank: 4,Buena Vista Elementary ,4
Palmdale,Cactus Middle CSR rank: 1,Cactus Middle ,1
Palmdale,Chaparral Elementary CSR rank: 2,Chaparral Elementary ,2
Palmdale,Cimarron Elementary CSR rank: 4,Cimarron Elementary ,4
Palmdale,David G. Millen Middle CSR rank: 2,David G. Millen Middle ,2
Palmdale,Desert Rose Elementary CSR rank: 1,Desert Rose Elementary ,1
Palmdale,Desert Willow Middle CSR rank: 2,Desert Willow Middle ,2
Palmdale,Dos Caminos CSR rank: 6,Dos Caminos ,6
Palmdale,Golden Poppy Elementary CSR rank: 2,Golden Poppy Elementary ,2
Palmdale,Guidance Charter CSR rank: 3,Guidance Charter ,3
Palmdale,Innovations Academy of Palmdale CSR rank: 1,Innovations Academy of Palmdale ,1
Palmdale,Joshua Hills Elementary CSR rank: 2,Joshua Hills Elementary ,2
Palmdale,Los Amigos CSR rank: 6,Los Amigos ,6
Palmdale,Manzanita Elementary CSR rank: 1,Manzanita Elementary ,1
Palmdale,Mesquite Elementary CSR rank: 3,Mesquite Elementary ,3
Palmdale,Ocotillo Elementary CSR rank: 5,Ocotillo Elementary ,5
Palmdale,Palm Tree Elementary CSR rank: 4,Palm Tree Elementary ,4
Palmdale,Palmdale Aerospace Academy CSR rank: 5,Palmdale Aerospace Academy ,5
Palmdale,Palmdale Learning Plaza CSR rank: 6,Palmdale Learning Plaza ,6
Palmdale,Quail Valley Elementary CSR rank: 1,Quail Valley Elementary ,1
Palmdale,Shadow Hills Middle CSR rank: 4,Shadow Hills Middle ,4
Palmdale,Summerwind Elementary CSR rank: 2,Summerwind Elementary ,2
Palmdale,Tamarisk CSR rank: 1,Tamarisk ,1
Palmdale,Tumbleweed Elementary CSR rank: 2,Tumbleweed Elementary ,2
Palmdale,Yucca Elementary CSR rank: 1,Yucca Elementary ,1
Pasadena,Blair High CSR rank: 6,Blair High ,6
Pasadena,Opportunities for Learning - Santa Clarita CSR rank: 3,Opportunities for Learning - Santa Clarita ,3
Pasadena,Opportunities for Learning - Baldwin Park CSR rank: 4,Opportunities for Learning - Baldwin Park ,4
Pasadena,Opportunities For Learning - Baldwin Park II CSR rank: 3,Opportunities For Learning - Baldwin Park II ,3
Pasadena,CIS Academy CSR rank: 3,CIS Academy ,3
Pasadena,Cleveland Elementary CSR rank: 1,Cleveland Elementary ,1
Pasadena,Daniel Webster CSR rank: 7,Daniel Webster ,7
Pasadena,Don Benito Fundamental CSR rank: 7,Don Benito Fundamental ,7
Pasadena,Eugene Field Elementary CSR rank: 8,Eugene Field Elementary ,8
Pasadena,Hamilton Elementary CSR rank: 8,Hamilton Elementary ,8
Pasadena,Henry W. Longfellow Elementary CSR rank: 7,Henry W. Longfellow Elementary ,7
Pasadena,Jefferson Elementary CSR rank: 3,Jefferson Elementary ,3
Pasadena,John Muir High CSR rank: 4,John Muir High ,4
Pasadena,Learning Works CSR rank: 2,Learning Works ,2
Pasadena,Madison Elementary CSR rank: 1,Madison Elementary ,1
Pasadena,Marshall Fundamental CSR rank: 8,Marshall Fundamental ,8
Pasadena,McKinley CSR rank: 4,McKinley ,4
Pasadena,Norma Coombs Elementary CSR rank: 7,Norma Coombs Elementary ,7
Pasadena,Pasadena High CSR rank: 7,Pasadena High ,7
Pasadena,Roosevelt CSR rank: 2,Roosevelt ,2
Pasadena,Continuation Rose City High CSR rank: 1,Continuation Rose City High ,1
Pasadena,San Rafael Elementary CSR rank: 8,San Rafael Elementary ,8
Pasadena,Washington Elementary CSR rank: 2,Washington Elementary ,2
Pasadena,Washington Middle CSR rank: 1,Washington Middle ,1
Pasadena,Willard Elementary CSR rank: 7,Willard Elementary ,7
Pasadena,Woodrow Wilson Middle CSR rank: 2,Woodrow Wilson Middle ,2
Pomona,Alcott Elementary CSR rank: 3,Alcott Elementary ,3
Pomona,School of Arts and Enterprise CSR rank: 6,School of Arts and Enterprise ,6
Pomona,International Polytechnic High CSR rank: 10,International Polytechnic High ,10
Pomona,Allison Elementary CSR rank: 3,Allison Elementary ,3
Pomona,Arroyo Elementary CSR rank: 1,Arroyo Elementary ,1
Pomona,Barfield Elementary CSR rank: 3,Barfield Elementary ,3
Pomona,Cortez Elementary CSR rank: 6,Cortez Elementary ,6
Pomona,Decker Elementary CSR rank: 5,Decker Elementary ,5
Pomona,Diamond Ranch High CSR rank: 8,Diamond Ranch High ,8
Pomona,Emerson Middle CSR rank: 3,Emerson Middle ,3
Pomona,Fremont Academy of Engineering and Design CSR rank: 2,Fremont Academy of Engineering and Design ,2
Pomona,Ganesha High CSR rank: 4,Ganesha High ,4
Pomona,Garey High CSR rank: 5,Garey High ,5
Pomona,Harrison Elementary CSR rank: 4,Harrison Elementary ,4
Pomona,Kellogg Polytechnic Elementary CSR rank: 5,Kellogg Polytechnic Elementary ,5
Pomona,Kingsley Elementary CSR rank: 2,Kingsley Elementary ,2
Pomona,La Verne Science and Technology Charter CSR rank: 5,La Verne Science and Technology Charter ,5
Pomona,Lexington Elementary CSR rank: 6,Lexington Elementary ,6
Pomona,Lincoln Elementary CSR rank: 3,Lincoln Elementary ,3
Pomona,Lopez Elementary CSR rank: 1,Lopez Elementary ,1
Pomona,Madison Elementary CSR rank: 2,Madison Elementary ,2
Pomona,Marshall Middle CSR rank: 3,Marshall Middle ,3
Pomona,Montvue Elementary CSR rank: 2,Montvue Elementary ,2
Pomona,Palomares Academy of Health Science CSR rank: 4,Palomares Academy of Health Science ,4
Pomona,Continuation Park West High CSR rank: 1,Continuation Park West High ,1
Pomona,Philadelphia Elementary CSR rank: 5,Philadelphia Elementary ,5
Pomona,Pomona High CSR rank: 4,Pomona High ,4
Pomona,Ranch Hills Elementary CSR rank: 8,Ranch Hills Elementary ,8
Pomona,Roosevelt Elementary CSR rank: 4,Roosevelt Elementary ,4
Pomona,San Antonio Elementary CSR rank: 3,San Antonio Elementary ,3
Pomona,San Jose Elementary CSR rank: 4,San Jose Elementary ,4
Pomona,School of Extended Educational Options CSR rank: 2,School of Extended Educational Options ,2
Pomona,Simons Middle CSR rank: 4,Simons Middle ,4
Pomona,Vejar Elementary CSR rank: 3,Vejar Elementary ,3
Pomona,Village Academy High School at Indian Hill CSR rank: 8,Village Academy High School at Indian Hill ,8
Pomona,Washington Elementary CSR rank: 2,Washington Elementary ,2
Pomona,Westmont Elementary CSR rank: 5,Westmont Elementary ,5
Santa Clarita,Academy of the Canyons CSR rank: 10,Academy of the Canyons ,10
Santa Clarita,Bridgeport Elementary CSR rank: 9,Bridgeport Elementary ,9
Santa Clarita,Fair Oaks Ranch Community CSR rank: 9,Fair Oaks Ranch Community ,9
Santa Clarita,Golden Oak Community CSR rank: 9,Golden Oak Community ,9
Santa Clarita,"Albert Einstein Academy for Letters, Arts and Sciences CSR rank: 9","Albert Einstein Academy for Letters, Arts and Sciences ",9
Santa Clarita,Jereann Bowman High (Continuation) CSR rank: 4,Jereann Bowman High (Continuation) ,4
Santa Clarita,Golden Valley High CSR rank: 8,Golden Valley High ,8
Santa Clarita,La Mesa Junior High CSR rank: 7,La Mesa Junior High ,7
Santa Clarita,Alternative Learning Post High CSR rank: 9,Alternative Learning Post High ,9
Santa Clarita,Mission View Public CSR rank: 3,Mission View Public ,3
Santa Clarita,Rio Norte Junior High CSR rank: 9,Rio Norte Junior High ,9
South Gate,Aspire Firestone Academy Charter CSR rank: 6,Aspire Firestone Academy Charter ,6
South Gate,Aspire Gateway Academy Charter CSR rank: 6,Aspire Gateway Academy Charter ,6
South Gate,Bryson Avenue Elementary CSR rank: 7,Bryson Avenue Elementary ,7
South Gate,Independence Elementary CSR rank: 3,Independence Elementary ,3
South Gate,International Studies Learning Center at Legacy High School Complex CSR rank: 7,International Studies Learning Center at Legacy High School Complex ,7
South Gate,Liberty Boulevard Elementary CSR rank: 3,Liberty Boulevard Elementary ,3
South Gate,Madison Elementary CSR rank: 5,Madison Elementary ,5
South Gate,Montara Avenue Elementary CSR rank: 4,Montara Avenue Elementary ,4
South Gate,Odyssey Continuation CSR rank: 3,Odyssey Continuation ,3
South Gate,San Gabriel Avenue Elementary CSR rank: 3,San Gabriel Avenue Elementary ,3
South Gate,San Miguel Elementary CSR rank: 2,San Miguel Elementary ,2
South Gate,"Science, Technology, Engineering, Arts and Mathematics at Legacy High School Complex CSR rank: 7","Science, Technology, Engineering, Arts and Mathematics at Legacy High School Complex ",7
South Gate,Simon Rodia Continuation CSR rank: 3,Simon Rodia Continuation ,3
South Gate,South East High CSR rank: 7,South East High ,7
South Gate,South Gate Middle CSR rank: 3,South Gate Middle ,3
South Gate,South Gate Senior High CSR rank: 6,South Gate Senior High ,6
South Gate,Southeast Middle CSR rank: 2,Southeast Middle ,2
South Gate,Stanford Avenue Elementary CSR rank: 3,Stanford Avenue Elementary ,3
South Gate,State Street Elementary CSR rank: 2,State Street Elementary ,2
South Gate,Tweedy Elementary CSR rank: 4,Tweedy Elementary ,4
South Gate,Victoria Avenue Elementary CSR rank: 5,Victoria Avenue Elementary ,5
South Gate,Visual and Performing Arts at Legacy High School Complex CSR rank: 5,Visual and Performing Arts at Legacy High School Complex ,5
South Gate,Willow Elementary CSR rank: 4,Willow Elementary ,4
Torrance,Halldale Elementary CSR rank: 6,Halldale Elementary ,6
Torrance,Meyler Street Elementary CSR rank: 4,Meyler Street Elementary ,4
Torrance,Van Deene Avenue Elementary CSR rank: 5,Van Deene Avenue Elementary ,5
Torrance,Anza Elementary CSR rank: 10,Anza Elementary ,10
Torrance,Arlington Elementary CSR rank: 9,Arlington Elementary ,9
Torrance,Bert M. Lynn Middle CSR rank: 10,Bert M. Lynn Middle ,10
Torrance,Calle Mayor Middle CSR rank: 9,Calle Mayor Middle ,9
Torrance,Casimir Middle CSR rank: 8,Casimir Middle ,8
Torrance,Edison Elementary CSR rank: 8,Edison Elementary ,8
Torrance,Edward J. Richardson Middle CSR rank: 10,Edward J. Richardson Middle ,10
Torrance,Evelyn Carr Elementary CSR rank: 7,Evelyn Carr Elementary ,7
Torrance,Fern Elementary CSR rank: 8,Fern Elementary ,8
Torrance,Hickory Elementary CSR rank: 9,Hickory Elementary ,9
Torrance,Howard Wood Elementary CSR rank: 8,Howard Wood Elementary ,8
Torrance,J. H. Hull Middle CSR rank: 6,J. H. Hull Middle ,6
Torrance,Jefferson Middle CSR rank: 9,Jefferson Middle ,9
Torrance,John Adams Elementary CSR rank: 8,John Adams Elementary ,8
Torrance,Joseph Arnold Elementary CSR rank: 9,Joseph Arnold Elementary ,9
Torrance,Lincoln Elementary CSR rank: 8,Lincoln Elementary ,8
Torrance,Madrona Middle CSR rank: 9,Madrona Middle ,9
Torrance,North High CSR rank: 9,North High ,9
Torrance,Philip Magruder Middle CSR rank: 8,Philip Magruder Middle ,8
Torrance,Riviera Elementary CSR rank: 10,Riviera Elementary ,10
Torrance,Seaside Elementary CSR rank: 10,Seaside Elementary ,10
Torrance,Kurt T. Shery High (Continuation) CSR rank: 3,Kurt T. Shery High (Continuation) ,3
Torrance,South High CSR rank: 10,South High ,10
Torrance,Torrance Elementary CSR rank: 5,Torrance Elementary ,5
Torrance,Torrance High CSR rank: 9,Torrance High ,9
Torrance,Towers Elementary CSR rank: 9,Towers Elementary ,9
Torrance,Victor Elementary CSR rank: 9,Victor Elementary ,9
Torrance,Walteria Elementary CSR rank: 9,Walteria Elementary ,9
Torrance,West High CSR rank: 10,West High ,10
Torrance,Yukon Elementary CSR rank: 6,Yukon Elementary ,6
West Covina,Grovecenter Elementary CSR rank: 8,Grovecenter Elementary ,8
West Covina,Mesa Elementary CSR rank: 9,Mesa Elementary ,9
West Covina,Rowland Avenue Elementary CSR rank: 7,Rowland Avenue Elementary ,7
West Covina,South Hills High CSR rank: 8,South Hills High ,8
West Covina,Traweek Middle CSR rank: 6,Traweek Middle ,6
West Covina,Workman Avenue Elementary CSR rank: 7,Workman Avenue Elementary ,7
West Covina,Giano Intermediate CSR rank: 3,Giano Intermediate ,3
West Covina,Hollingworth Elementary CSR rank: 4,Hollingworth Elementary ,4
West Covina,Telesis Academy of Science & Math CSR rank: 6,Telesis Academy of Science & Math ,6
West Covina,California Elementary CSR rank: 5,California Elementary ,5
West Covina,Cameron Elementary CSR rank: 5,Cameron Elementary ,5
West Covina,Continuation Coronado High CSR rank: 3,Continuation Coronado High ,3
West Covina,Edgewood High CSR rank: 9,Edgewood High ,9
West Covina,Edgewood Middle CSR rank: 6,Edgewood Middle ,6
West Covina,Hollencrest Middle CSR rank: 7,Hollencrest Middle ,7
West Covina,Merced Elementary CSR rank: 8,Merced Elementary ,8
West Covina,Merlinda Elementary CSR rank: 7,Merlinda Elementary ,7
West Covina,Monte Vista Elementary CSR rank: 7,Monte Vista Elementary ,7
West Covina,Orangewood Elementary CSR rank: 6,Orangewood Elementary ,6
West Covina,San Jose Charter Academy CSR rank: 10,San Jose Charter Academy ,10
West Covina,Vine Elementary CSR rank: 7,Vine Elementary ,7
West Covina,Walnut Grove Intermediate CSR rank: 5,Walnut Grove Intermediate ,5
West Covina,West Covina High CSR rank: 9,West Covina High ,9
Whittier,Ceres Elementary CSR rank: 8,Ceres Elementary ,8
Whittier,East Whittier Middle CSR rank: 7,East Whittier Middle ,7
Whittier,Evergreen Elementary CSR rank: 5,Evergreen Elementary ,5
Whittier,Granada Middle CSR rank: 8,Granada Middle ,8
Whittier,Hillview Middle CSR rank: 6,Hillview Middle ,6
Whittier,La Colima Elementary CSR rank: 6,La Colima Elementary ,6
Whittier,Laurel Elementary CSR rank: 6,Laurel Elementary ,6
Whittier,Leffingwell Elementary CSR rank: 9,Leffingwell Elementary ,9
Whittier,Mulberry Elementary CSR rank: 7,Mulberry Elementary ,7
Whittier,Murphy Ranch Elementary CSR rank: 10,Murphy Ranch Elementary ,10
Whittier,Ocean View Elementary CSR rank: 9,Ocean View Elementary ,9
Whittier,Orchard Dale Elementary CSR rank: 7,Orchard Dale Elementary ,7
Whittier,Scott Avenue Elementary CSR rank: 7,Scott Avenue Elementary ,7
Whittier,Ada S. Nelson Elementary CSR rank: 6,Ada S. Nelson Elementary ,6
Whittier,Aeolian Elementary CSR rank: 3,Aeolian Elementary ,3
Whittier,Jordan Elementary CSR rank: 8,Jordan Elementary ,8
Whittier,Meadow Green Elementary CSR rank: 9,Meadow Green Elementary ,9
Whittier,Rancho-Starbuck Intermediate CSR rank: 8,Rancho-Starbuck Intermediate ,8
Whittier,Continuation El Camino High CSR rank: 1,Continuation El Camino High ,1
Whittier,Carmela Elementary CSR rank: 1,Carmela Elementary ,1
Whittier,Howard J. McKibben Elementary CSR rank: 6,Howard J. McKibben Elementary ,6
Whittier,Lake Marie Elementary CSR rank: 3,Lake Marie Elementary ,3
Whittier,Loma Vista Elementary CSR rank: 1,Loma Vista Elementary ,1
Whittier,Los Altos Elementary CSR rank: 5,Los Altos Elementary ,5
Whittier,Monte Vista Middle CSR rank: 3,Monte Vista Middle ,3
Whittier,Richard L. Graves Middle CSR rank: 3,Richard L. Graves Middle ,3
Whittier,Christian Sorensen Elementary CSR rank: 4,Christian Sorensen Elementary ,4
Whittier,Daniel Phelan Elementary CSR rank: 7,Daniel Phelan Elementary ,7
Whittier,Katherine Edwards Middle CSR rank: 4,Katherine Edwards Middle ,4
Whittier,Longfellow Elementary CSR rank: 2,Longfellow Elementary ,2
Whittier,Lou Henry Hoover Elementary CSR rank: 4,Lou Henry Hoover Elementary ,4
Whittier,Lydia Jackson Elementary CSR rank: 3,Lydia Jackson Elementary ,3
Whittier,Mill Elementary CSR rank: 8,Mill Elementary ,8
Whittier,Orange Grove Elementary CSR rank: 4,Orange Grove Elementary ,4
Whittier,Wallen L. Andrews Elementary CSR rank: 7,Wallen L. Andrews Elementary ,7
Whittier,Walter F. Dexter Middle CSR rank: 4,Walter F. Dexter Middle ,4
Whittier,West Whittier Elementary CSR rank: 3,West Whittier Elementary ,3
Whittier,California High CSR rank: 7,California High ,7
Whittier,Continuation Frontier High CSR rank: 2,Continuation Frontier High ,2
Whittier,La Serna High CSR rank: 9,La Serna High ,9
Whittier,Pioneer High CSR rank: 7,Pioneer High ,7
Whittier,Alternative Sierra Vista High CSR rank: 4,Alternative Sierra Vista High ,4
Whittier,Whittier High CSR rank: 6,Whittier High ,6
